,EPISODE,apple_frame,barn,beach,bridge,bushes,cabin,cirrus,cliff,clouds,conifer,cumulus,deciduous,fence,flowers,fog,grass,hills,lake,mountain,mountains,night,ocean,palm_trees,path,river,rocks,snow,snowy_mountain,structure,sun,tree,trees,waterfall,waves,winter,id,title,viewCount,likeCount,favoriteCount,dislikeCount,commentCount,season_num,episode_num
a mild winter's day,S17E06,0,0,0,0,0,0,0,0,1,1,0,1,0,0,0,0,0,0,0,0,0,0,0,0,1,0,1,0,0,0,1,1,0,0,1,BbYO579MmhA,Bob Ross - A Mild Winter's Day (Season 17 Episode 6),278143.0,2903.0,0.0,43.0,507.0,17.0,6.0
a pretty autumn day,S24E05,0,0,0,0,0,0,0,0,1,1,0,1,0,0,0,1,0,0,1,0,0,0,0,0,1,1,0,1,0,0,1,1,0,0,0,HWedDS3p7XI,Bob Ross - A Pretty Autumn Day (Season 24 Episode 5),261416.0,2526.0,0.0,78.0,321.0,24.0,5.0
a walk in the woods,S01E01,0,0,0,0,1,0,0,0,0,0,0,1,0,0,0,1,0,0,0,0,0,0,0,0,1,0,0,0,0,0,1,1,0,0,0,oh5p5f5_-7A,Bob Ross - A Walk in the Woods (Season 1 Episode 1),3166141.0,42988.0,0.0,446.0,6338.0,1.0,1.0
absolutely autumn,S18E02,0,0,0,0,1,0,0,0,1,0,1,1,0,0,0,1,0,0,0,0,0,0,0,0,1,0,0,0,0,0,1,1,0,0,0,PGPVpil2UmE,Bob Ross - Absolutely Autumn (Season 18 Episode 2),117818.0,1258.0,0.0,34.0,246.0,18.0,2.0
after the rain,S19E10,0,0,0,0,0,0,0,0,0,0,0,1,0,0,0,0,0,0,0,0,0,0,0,1,0,0,0,0,0,0,1,1,0,0,0,Wj-3ct7RvAI,Bob Ross - After the Rain (Season 19 Episode 10),485708.0,4138.0,0.0,109.0,352.0,19.0,10.0
anatomy of a wave,S05E09,0,0,0,0,0,0,0,0,0,0,0,0,0,0,0,0,0,0,0,0,0,1,0,0,0,0,0,0,0,0,0,0,0,1,0,DFQlu6eqrBo,Bob Ross - Anatomy of a Wave (Season 5 Episode 9),739036.0,6263.0,0.0,377.0,1066.0,5.0,9.0
angler's haven,S27E02,0,0,0,0,0,0,0,0,0,1,0,0,0,0,0,0,0,1,1,1,0,0,0,0,0,1,0,1,0,0,1,1,0,0,0,XlwfcXZ0AIU,Bob Ross - Angler's Haven (Season 27 Episode 2),150438.0,1715.0,0.0,33.0,204.0,27.0,2.0
arctic beauty,S06E07,0,0,0,0,0,0,1,0,1,1,0,0,0,0,0,1,0,0,1,1,0,0,0,0,1,0,0,1,0,0,1,1,1,0,0,UQ-RTZCOQn0,Bob Ross - Arctic Beauty (Season 6 Episode 7),2947352.0,30295.0,0.0,652.0,3020.0,6.0,7.0
arizona splendor,S05E08,0,0,0,0,0,0,0,0,0,0,0,1,0,0,0,1,0,0,1,1,0,0,0,0,1,0,0,0,0,0,1,1,0,0,0,spFwCh2616s,Bob Ross - Arizona Splendor (Season 5 Episode 8),180101.0,1900.0,0.0,49.0,185.0,5.0,8.0
around the bend,S22E03,0,0,0,0,0,0,0,0,0,1,0,0,0,1,0,0,0,0,0,0,0,0,0,0,1,1,0,0,0,0,1,1,0,0,0,Kl5X3icOVvw,Bob Ross - Around the Bend (Season 22 Episode 3),108171.0,1101.0,0.0,27.0,144.0,22.0,3.0
at dawn's light,S23E07,0,0,0,0,1,0,0,0,0,1,0,1,0,0,0,0,0,1,0,0,0,0,0,1,0,0,0,0,0,0,1,1,0,0,0,HFdTxqEznIk,Bob Ross - At Dawn's Light (Season 23 Episode 7),90825.0,1269.0,0.0,27.0,141.0,23.0,7.0
aurora's dance,S29E12,0,0,0,0,0,1,0,0,0,1,0,0,0,0,0,0,0,1,0,0,1,0,0,0,0,0,1,0,0,0,1,1,0,0,1,iRMsb9Vf7GM,Bob Ross - Aurora's Dance (Season 29 Episode 12),471219.0,6446.0,0.0,103.0,644.0,29.0,12.0
autumn days,S04E12,0,0,0,0,0,0,0,0,0,0,0,1,0,0,0,1,1,1,0,0,0,0,0,0,0,0,0,0,0,0,1,1,0,0,0,VAdMkf-AAPM,Bob Ross - Autumn Days (Season 4 Episode 12),82491.0,1206.0,0.0,9.0,155.0,4.0,12.0
autumn exhibition,S18E05,0,0,0,0,0,0,0,0,0,0,0,1,0,0,0,1,0,1,0,0,0,0,0,0,0,0,0,0,0,0,1,1,0,0,0,6afHY2d9Lv8,Bob Ross - Autumn Exhibition (Season 18 Episode 5),84206.0,891.0,0.0,17.0,164.0,18.0,5.0
autumn fantasy,S20E07,0,0,0,0,0,0,1,0,1,1,0,0,0,0,0,0,0,0,1,1,0,0,0,0,1,0,0,1,0,0,1,1,0,0,0,FozIp7Va7dY,Bob Ross - Autumn Fantasy (Season 20 Episode 7),121175.0,1366.0,0.0,19.0,275.0,20.0,7.0
autumn images,S22E01,0,0,0,0,1,0,0,0,1,0,1,1,0,1,0,0,0,0,0,0,0,0,0,0,1,0,0,0,0,0,1,1,0,0,0,HMx34Am6RFg,Bob Ross - Autumn Images (Season 22 Episode 1),198077.0,1772.0,0.0,34.0,343.0,22.0,1.0
autumn oval,S29E02,0,0,0,0,1,0,0,0,0,1,0,0,0,0,0,0,0,1,0,1,0,0,0,0,0,0,0,0,0,0,1,1,0,0,0,2XnIdinwot0,Bob Ross - Autumn Oval (Season 29 Episode 2),75907.0,1183.0,0.0,17.0,220.0,29.0,2.0
autumn palette,S25E07,0,0,0,0,0,0,0,0,0,0,0,1,1,0,0,0,0,1,0,0,0,0,0,0,0,0,0,0,0,0,1,1,0,0,0,HWrvW-NgaOY,Bob Ross - Autumn Palette (Season 25 Episode 7),76031.0,802.0,0.0,25.0,93.0,25.0,7.0
autumn woods,S10E06,0,0,0,0,1,0,0,0,1,1,1,1,0,0,0,0,0,1,1,1,0,0,0,0,0,0,0,1,0,0,1,1,0,0,0,vKyMU5Z8cDI,Bob Ross - Autumn Woods (Season 10 Episode 6),209399.0,1806.0,0.0,36.0,296.0,10.0,6.0
babbling brook,S30E01,0,0,0,0,1,0,0,0,0,0,0,1,0,0,0,1,0,0,0,0,0,0,0,0,1,0,0,0,0,0,1,0,1,0,0,ZHUdS0wEaKk,Bob Ross - Babbling Brook (Season 30 Episode 1),108943.0,1467.0,0.0,30.0,229.0,30.0,1.0
balmy beach,S31E10,0,0,1,0,0,0,0,0,0,0,0,0,0,0,0,0,0,0,0,0,0,1,1,0,0,1,0,0,0,0,0,0,0,1,0,kMgd6r6c4vE,Bob Ross - Balmy Beach (Season 31 Episode 10),334333.0,4728.0,0.0,83.0,578.0,31.0,10.0
barn at sunset,S07E07,0,1,0,0,0,0,0,0,1,0,1,1,0,0,0,0,0,0,0,0,0,0,0,1,0,0,1,0,1,0,1,1,0,0,0,WT6n0K2zGnA,Bob Ross - Barn at Sunset (Season 7 Episode 7),162700.0,1206.0,0.0,30.0,176.0,7.0,7.0
barn in snow oval,S16E09,0,1,0,0,0,0,0,0,0,1,0,0,1,0,0,0,0,0,0,0,0,0,0,0,0,0,1,0,1,0,1,1,0,0,1,wJmi7-G9r-w,Bob Ross - Barn in Snow Oval (Season 16 Episode 9),144620.0,1299.0,0.0,45.0,271.0,16.0,9.0
before the snowfall,S31E02,0,0,0,0,1,1,0,0,1,1,0,0,0,0,0,0,0,0,0,0,0,0,0,0,1,0,0,0,1,0,1,1,0,0,0,_MdMhQIOL1Y,Bob Ross - Before the Snowfall (Season 31 Episode 2),225664.0,2947.0,0.0,44.0,464.0,31.0,2.0
black river,S02E06,0,0,0,0,1,0,0,0,1,0,1,1,0,0,0,1,0,0,0,0,0,0,0,0,1,0,0,0,0,0,1,1,0,0,0,6O4sfJd8G_M,Bob Ross - Black River (Season 2 Episode 6),99366.0,1051.0,0.0,12.0,84.0,2.0,6.0
black seascape,S12E05,0,0,1,0,0,0,0,0,1,0,1,0,0,0,0,0,0,0,0,0,1,1,0,0,0,1,0,0,0,0,0,0,0,1,0,P_aCan4cBwc,Bob Ross - Black Seascape (Season 12 Episode 5),95134.0,1167.0,0.0,13.0,111.0,12.0,5.0
black waterfall,S02E11,0,0,0,0,1,0,0,0,1,1,1,1,0,0,0,1,0,0,0,0,0,0,0,0,1,1,0,0,0,0,1,1,1,0,0,GzSqjyQUPZQ,Bob Ross - Black Waterfall (Season 2 Episode 11),526479.0,3110.0,0.0,85.0,283.0,2.0,11.0
blaze of color,S06E13,0,0,0,0,0,0,0,0,1,1,0,1,0,0,0,1,1,0,0,0,0,0,0,0,1,0,0,0,0,0,1,1,0,0,0,se7wOprxRGs,Bob Ross - Blaze of Color (Season 6 Episode 13),160341.0,1291.0,0.0,29.0,133.0,6.0,13.0
blue moon,S03E02,0,0,0,0,0,0,0,0,1,0,1,0,0,0,0,0,0,0,0,0,1,1,1,0,0,0,0,0,0,0,1,1,0,1,0,loit61vLUMc,Bob Ross - Blue Moon (Season 3 Episode 2),274945.0,2788.0,0.0,34.0,335.0,3.0,2.0
blue ridge falls,S30E13,0,0,0,0,1,0,0,0,0,1,0,0,0,0,0,0,0,0,1,0,0,0,0,0,1,1,0,0,0,0,1,1,1,0,0,fz0YjqtHW84,Bob Ross - Blue Ridge Falls (Season 30 Episode 13),104435.0,1626.0,0.0,20.0,229.0,30.0,13.0
blue river,S06E01,0,0,0,0,1,0,0,0,0,1,0,1,0,0,0,1,1,0,0,0,0,0,0,0,1,0,0,0,0,0,1,1,0,0,0,LygUyAb78oY,Bob Ross - Blue River (Season 6 Episode 1),1111891.0,9132.0,0.0,164.0,1443.0,6.0,1.0
blue winter,S21E10,0,0,0,0,0,0,0,0,1,1,1,0,0,0,0,0,0,0,1,1,0,0,0,0,1,0,1,1,0,0,1,1,0,0,1,liR0gS0sZY0,Bob Ross - Blue Winter (Season 21 Episode 10),175745.0,1454.0,0.0,19.0,214.0,21.0,10.0
bridge to autumn,S31E07,0,0,0,1,0,0,0,0,0,0,0,1,0,0,0,0,0,1,0,0,0,0,0,1,0,0,0,0,1,0,1,1,0,0,0,ReENCTH7MYI,Bob Ross - Bridge to Autumn (Season 31 Episode 7),210466.0,2911.0,0.0,57.0,306.0,31.0,7.0
bright autumn trees,S12E04,0,0,0,0,1,0,0,0,0,0,0,1,0,0,0,0,0,0,0,0,0,0,0,1,1,0,0,0,0,0,1,1,0,0,0,aR-C3h5zURM,Bob Ross - Bright Autumn Trees (Season 12 Episode 4),83552.0,888.0,0.0,18.0,135.0,12.0,4.0
brown mountain,S02E07,0,0,0,0,0,0,0,0,1,1,1,0,0,0,0,1,0,1,1,1,0,0,0,0,0,0,0,0,0,0,1,1,0,0,0,Vx6v47gHBWM,Bob Ross - Brown Mountain (Season 2 Episode 7),535226.0,4322.0,0.0,109.0,302.0,2.0,7.0
bubbling mountain brook,S08E06,0,0,0,0,1,0,0,0,1,1,0,0,0,0,0,1,0,0,1,1,0,0,0,0,1,0,0,0,0,0,1,1,0,0,0,U2_SKgM3f4A,Bob Ross - Bubbling Mountain Brook (Season 8 Episode 6),81379.0,1053.0,0.0,13.0,154.0,8.0,6.0
by the sea,S21E08,0,0,1,0,0,0,0,1,1,0,1,1,0,0,0,0,0,0,0,0,0,1,0,0,0,1,0,0,0,1,1,0,0,1,0,8tHHBTK6wwc,Bob Ross - By the Sea (Season 21 Episode 8),104975.0,1058.0,0.0,19.0,190.0,21.0,8.0
cabin at sunset,S10E02,0,0,0,0,0,1,0,0,1,1,0,0,1,0,0,1,0,0,0,0,0,0,0,0,0,0,0,0,1,0,1,1,0,0,0,a6Wil3OXNuI,Bob Ross - Cabin at Sunset (Season 10 Episode 2),316972.0,2613.0,0.0,81.0,339.0,10.0,2.0
cabin by the pond,S15E07,0,0,0,0,0,1,0,0,1,1,0,1,0,0,0,1,0,1,0,0,0,0,0,0,0,0,0,0,1,0,1,1,0,0,0,TyOO6WeP2AY,Bob Ross - Cabin by the Pond (Season 15 Episode 7),79325.0,1042.0,0.0,10.0,163.0,15.0,7.0
cabin hideaway,S13E11,0,0,0,0,0,1,0,0,0,1,0,1,0,0,0,0,0,1,1,1,0,0,0,0,0,0,1,0,1,0,1,1,0,0,1,NjTlW2NL1Lo,Bob Ross - Cabin Hideaway (Season 13 Episode 11),158843.0,1359.0,0.0,39.0,234.0,13.0,11.0
cactus at sunset,S08E10,0,0,0,0,0,0,0,0,1,0,0,0,0,0,0,0,0,0,0,0,0,0,0,1,0,1,0,0,0,0,0,0,0,0,0,XBqD3QhKU24,Bob Ross - Cactus at Sunset (Season 8 Episode 10),118123.0,1653.0,0.0,34.0,175.0,8.0,10.0
camper's haven,S19E05,0,0,0,0,1,0,0,0,0,1,0,0,0,0,0,1,0,1,1,1,0,0,0,0,0,0,0,0,0,0,1,1,0,0,0,C34WAUgkAT0,Bob Ross - Camper's Haven (Season 19 Episode 5),166161.0,1939.0,0.0,40.0,274.0,19.0,5.0
campfire,S03E10,0,0,0,0,1,0,0,0,0,0,0,1,0,0,0,0,0,1,0,0,0,0,0,0,0,0,0,0,0,0,1,1,0,0,0,L5bXkI0-pEg,Bob Ross - Campfire (Season 3 Episode 10),2784963.0,28514.0,0.0,468.0,2608.0,3.0,10.0
change of seasons,S20E11,0,0,0,0,0,0,0,0,0,0,0,1,0,0,0,0,0,0,1,1,0,0,0,0,1,0,0,1,0,0,1,1,0,0,0,QbgPu5f2Vf8,Bob Ross - Change of Seasons (Season 20 Episode 11),92531.0,1246.0,0.0,26.0,159.0,20.0,11.0
christmas eve snow,S15E09,0,0,0,0,0,1,0,0,1,1,1,0,0,0,0,0,0,0,1,1,0,0,0,0,0,0,1,1,1,0,1,1,0,0,1,cVqFG2pxK2A,Bob Ross - Christmas Eve Snow (Season 15 Episode 9),108442.0,1439.0,0.0,31.0,169.0,15.0,9.0
cliffside,S20E06,0,0,1,0,0,0,0,1,1,0,0,0,0,0,0,0,0,0,0,0,0,1,0,0,0,1,0,0,0,0,0,0,0,1,0,p6Uy2qOLvGk,Bob Ross - Cliffside (Season 20 Episode 6),82789.0,1185.0,0.0,11.0,176.0,20.0,6.0
colors of nature,S15E02,0,0,0,0,0,0,0,0,1,0,1,1,0,0,0,1,0,0,0,0,0,0,0,0,1,0,0,0,0,0,1,1,0,0,0,Me9Ietooq4w,Bob Ross - Colors of Nature (Season 15 Episode 2),104637.0,1048.0,0.0,22.0,148.0,15.0,2.0
country cabin,S11E02,0,0,0,0,1,1,0,0,1,1,0,1,0,0,0,0,0,0,0,0,0,0,0,0,0,0,1,0,1,0,1,1,0,0,1,Dkww2nHpuZw,Bob Ross - Country Cabin (Season 11 Episode 2),89626.0,729.0,0.0,11.0,80.0,11.0,2.0
country life,S06E10,0,1,0,0,0,0,1,0,1,0,0,0,1,0,0,1,0,0,0,0,0,0,0,0,0,0,0,0,0,0,0,0,0,0,0,j8Jf7QVKLgQ,Bob Ross - Country Life (Season 6 Episode 10),117732.0,954.0,0.0,22.0,124.0,6.0,10.0
countryside barn,S29E05,0,1,0,0,0,0,0,0,0,0,0,1,0,0,0,1,0,0,0,0,0,0,0,1,0,0,0,0,1,0,1,0,0,0,0,G7Etn7QMeO4,Bob Ross - Countryside Barn (Season 29 Episode 5),135973.0,1850.0,0.0,28.0,439.0,29.0,5.0
countryside oval,S22E04,0,0,0,0,0,0,0,0,1,0,0,1,0,0,0,1,1,0,0,0,0,0,0,0,1,0,0,0,0,0,1,1,0,0,0,hdNH5axK4u0,Bob Ross - Countryside Oval (Season 22 Episode 4),55970.0,748.0,0.0,20.0,136.0,22.0,4.0
covered bridge,S03E06,0,0,0,1,0,0,0,0,0,0,0,1,0,0,0,0,0,0,0,0,0,0,0,1,0,0,0,0,1,0,1,1,0,0,0,OHSm8kLE7js,Bob Ross - Covered Bridge (Season 3 Episode 6),286948.0,1421.0,0.0,52.0,143.0,3.0,6.0
crimson oval,S18E04,0,0,0,0,0,0,0,0,0,0,0,1,0,0,0,1,0,0,0,0,0,0,0,0,1,0,0,0,0,0,1,1,1,0,0,R7Y3izMFPbM,Bob Ross - Crimson Oval (Season 18 Episode 4),85460.0,984.0,0.0,17.0,157.0,18.0,4.0
crimson tide,S23E12,0,0,1,0,0,0,0,1,1,0,0,0,0,0,0,0,0,0,0,0,0,1,0,0,0,1,0,0,0,1,0,0,0,1,0,Y7SDU4i6Fco,Bob Ross - Crimson Tide (Season 23 Episode 12),336733.0,5537.0,0.0,83.0,423.0,23.0,12.0
cypress swamp,S25E08,0,0,0,0,0,0,0,0,0,0,0,1,0,0,0,0,0,1,0,0,0,0,0,0,0,0,0,0,0,0,1,0,0,0,0,FdIUHudQABI,Bob Ross - Cypress Swamp (Season 25 Episode 8),101118.0,1008.0,0.0,12.0,185.0,25.0,8.0
daisies at dawn,S27E06,0,0,0,0,0,1,0,0,0,1,0,1,0,1,0,0,0,1,0,0,0,0,0,0,0,0,0,0,1,0,1,1,0,0,0,_kkZcIgocBM,Bob Ross - Daisies at Dawn (Season 27 Episode 6),210269.0,2596.0,0.0,45.0,448.0,27.0,6.0
daisy delight,S11E03,0,0,0,0,0,0,0,0,0,1,0,0,1,1,0,0,0,0,0,0,0,0,0,0,0,0,0,0,0,0,1,1,0,0,0,HuHC1RqtvDA,Bob Ross - Daisy Delight (Season 11 Episode 3),95807.0,939.0,0.0,16.0,129.0,11.0,3.0
dark waterfall,S07E13,0,0,0,0,1,0,0,0,0,0,0,1,0,0,0,0,0,0,0,0,0,0,0,0,1,0,0,0,0,0,1,1,1,0,0,VqMbL00eZqw,Bob Ross - Dark Waterfall (Season 7 Episode 13),68807.0,877.0,0.0,17.0,108.0,7.0,13.0
daybreak,S27E08,0,0,0,0,0,1,0,0,0,1,0,1,1,0,1,0,0,0,0,0,0,0,0,0,0,0,1,0,1,0,1,1,0,0,1,crWDcTvDmec,Bob Ross - Daybreak (Season 27 Episode 8),82573.0,1317.0,0.0,13.0,174.0,27.0,8.0
days gone by,S20E10,0,0,0,1,1,1,0,0,0,1,0,1,0,0,0,0,0,0,0,0,0,0,0,1,0,0,0,0,1,0,1,1,0,0,0,DmYhNHVIdMI,Bob Ross - Days Gone By (Season 20 Episode 10),127312.0,1340.0,0.0,23.0,236.0,20.0,10.0
deep forest falls,S28E08,0,0,0,0,1,0,0,0,0,0,0,1,0,0,0,0,0,0,0,0,0,0,0,0,1,0,0,0,0,0,1,1,1,0,0,urHQRbRNuYI,Bob Ross - Deep Forest Falls (Season 28 Episode 8),104377.0,1441.0,0.0,18.0,146.0,28.0,8.0
deep forest lake,S15E12,0,0,0,0,0,0,0,0,0,0,0,1,0,0,0,0,0,1,0,0,0,0,0,0,0,1,0,0,0,0,1,1,0,0,0,2bjFmSQjQrw,Bob Ross - Deep Forest Lake (Season 15 Episode 12),82126.0,1029.0,0.0,13.0,158.0,15.0,12.0
deep woods,S16E07,0,0,0,0,0,0,0,0,0,1,0,0,0,0,0,0,0,0,0,0,0,0,0,0,1,1,0,0,0,0,1,1,1,0,0,rE5ZVs_YJfE,Bob Ross - Deep Woods (Season 16 Episode 7),140566.0,1533.0,0.0,20.0,162.0,16.0,7.0
delightful meadow home,S26E02,0,0,0,0,0,1,0,0,0,0,0,1,1,0,0,1,0,0,0,0,0,0,0,1,0,0,0,0,1,0,1,1,0,0,0,tWoInh2USOs,Bob Ross - Delightful Meadow Home (Season 26 Episode 2),453935.0,3930.0,0.0,96.0,457.0,26.0,2.0
desert glow,S21E11,0,0,0,0,0,0,0,0,1,0,0,0,0,0,0,0,0,0,1,0,0,0,0,1,0,0,0,0,0,0,0,0,0,0,0,QyncJfL_HmU,Bob Ross - Desert Glow (Season 21 Episode 11),165337.0,1980.0,0.0,29.0,301.0,21.0,11.0
desert hues,S25E12,0,0,0,0,0,0,1,0,1,0,0,0,0,0,0,0,0,0,1,0,0,0,0,1,0,0,0,0,0,0,0,0,0,0,0,UUNNXGVNTuI,Bob Ross - Desert Hues (Season 25 Episode 12),142044.0,1308.0,0.0,29.0,155.0,25.0,12.0
distant hills,S03E05,0,0,0,0,0,0,1,0,1,1,0,1,0,0,0,0,1,1,1,1,0,0,0,0,0,0,0,0,0,0,1,1,0,0,0,8Zge88tVwjE,Bob Ross - Distant Hills (Season 3 Episode 5),63450.0,786.0,0.0,7.0,63.0,3.0,5.0
distant mountains,S14E01,0,0,0,0,1,0,0,0,1,1,1,0,0,0,0,0,0,1,1,1,0,0,0,1,0,0,0,1,0,0,1,1,0,0,0,GpA9UM7QGag,Bob Ross - Distant Mountains (Season 14 Episode 1),291014.0,2928.0,0.0,64.0,379.0,14.0,1.0
divine elegance,S20E05,0,0,0,0,0,0,0,0,1,1,1,0,0,0,0,0,0,1,1,1,0,0,0,0,0,1,0,1,0,0,1,1,0,0,0,mb-Gwx1S5Gs,Bob Ross - Divine Elegance (Season 20 Episode 5),126469.0,1475.0,0.0,34.0,243.0,20.0,5.0
dock scene,S07E12,0,0,0,0,0,0,0,0,1,0,1,1,0,0,0,0,0,1,0,0,0,0,0,0,0,0,0,0,1,0,1,0,0,0,0,4KYxkqlzyqM,Bob Ross - Dock Scene (Season 7 Episode 12),684060.0,4657.0,0.0,169.0,631.0,7.0,12.0
double oval fantasy,S16E05,0,0,0,0,1,0,0,0,1,1,1,0,0,0,0,0,0,1,1,1,0,0,0,0,0,0,0,1,0,0,1,1,0,0,0,4jAsLpJzjHM,Bob Ross - Double Oval Fantasy (Season 16 Episode 5),83648.0,1114.0,0.0,10.0,219.0,16.0,5.0
downstream view,S25E09,0,0,0,0,0,0,0,0,1,1,1,1,0,0,0,1,0,0,0,0,0,0,0,0,1,1,0,0,0,0,1,1,0,0,0,KsDPg5HZYNw,Bob Ross - Downstream View (Season 25 Episode 9),157733.0,1471.0,0.0,30.0,218.0,25.0,9.0
early autumn,S26E08,0,0,0,0,0,0,0,0,0,1,0,1,0,0,0,1,0,1,1,0,0,0,0,0,0,0,0,0,0,0,1,1,0,0,0,SLQXlFLoqQc,Bob Ross - Early Autumn (Season 26 Episode 8),54426.0,762.0,0.0,12.0,170.0,26.0,8.0
ebony sunset,S01E03,0,0,0,0,0,1,0,0,0,1,0,0,1,0,0,0,0,0,1,1,0,0,0,0,0,0,0,0,1,1,1,1,0,0,1,UOziR7PoVco,Bob Ross - Ebony Sunset (Season 1 Episode 3),474678.0,4997.0,0.0,48.0,535.0,1.0,3.0
emerald waters,S13E09,0,0,0,0,1,0,0,0,0,0,0,1,0,0,0,0,0,1,0,0,0,0,0,0,0,0,0,0,0,0,1,1,0,0,0,lLunPQBzW6g,Bob Ross - Emerald Waters (Season 13 Episode 9),95504.0,1160.0,0.0,14.0,159.0,13.0,9.0
enchanted falls oval,S25E02,0,0,0,0,0,0,0,0,0,0,0,1,0,0,0,0,0,0,0,0,0,0,0,0,1,0,0,0,0,0,1,1,1,0,0,HklPkQ0lSKA,Bob Ross - Enchanted Falls Oval (Season 25 Episode 2),58888.0,896.0,0.0,6.0,116.0,25.0,2.0
enchanted forest,S18E11,0,0,0,0,0,0,0,0,0,0,0,1,0,0,0,0,0,0,0,0,0,0,0,1,0,0,0,0,0,0,1,1,0,0,0,ikR7UT9mVBw,Bob Ross - Enchanted Forest (Season 18 Episode 11),103483.0,1289.0,0.0,27.0,193.0,18.0,11.0
evening at sunset,S13E04,0,0,0,0,1,1,1,0,1,1,0,1,0,0,0,0,0,0,0,0,0,0,0,0,1,1,0,0,1,0,1,1,0,0,0,7ZUQTXuDPaI,Bob Ross - Evening at Sunset (Season 13 Episode 4),63332.0,964.0,0.0,10.0,118.0,13.0,4.0
evening at the falls,S26E13,0,0,0,0,0,0,0,0,0,1,0,0,0,0,0,0,0,0,0,0,1,0,0,0,1,0,0,0,0,0,1,1,1,0,0,RulXVcpgpqw,Bob Ross - Evening at the Falls (Season 26 Episode 13),208094.0,2390.0,0.0,50.0,210.0,26.0,13.0
evening waterfall,S12E08,0,0,0,0,0,0,0,0,0,1,0,0,0,0,0,1,0,0,0,0,0,0,0,0,1,0,0,0,0,0,1,1,1,0,0,PutvF_P4588,Bob Ross - Evening Waterfall (Season 12 Episode 8),1326190.0,12122.0,0.0,293.0,1220.0,12.0,8.0
evening's glow,S30E12,0,0,0,0,0,1,0,0,0,1,0,1,0,0,0,1,0,0,0,0,0,0,0,1,0,0,0,0,0,1,1,1,0,0,0,eTEKGOi6SVg,Bob Ross - Evening's Glow (Season 30 Episode 12),828040.0,10312.0,0.0,178.0,1113.0,30.0,12.0
evening's peace,S19E12,0,1,0,0,0,0,0,0,0,1,0,1,1,0,0,0,0,0,0,0,1,0,0,0,0,0,1,0,1,0,1,1,0,0,1,uEUMVwc4o5U,Bob Ross - Evening's Peace (Season 19 Episode 12),598375.0,5889.0,0.0,142.0,693.0,19.0,12.0
evergreen valley,S31E09,0,0,0,0,0,0,0,0,0,1,0,0,0,0,0,1,0,0,1,1,0,0,0,0,0,1,0,1,0,0,1,1,0,0,0,mEU0stNfkxI,Bob Ross - Evergreen Valley (Season 31 Episode 9),1164335.0,15578.0,0.0,283.0,1749.0,31.0,9.0
evergreens at sunset,S07E03,0,0,0,0,0,0,1,0,1,1,0,1,0,0,0,0,0,0,0,0,0,0,0,0,1,0,0,0,0,1,1,1,0,0,0,YQPEy3hYGo8,Bob Ross - Evergreens at Sunset (Season 7 Episode 3),64552.0,840.0,0.0,11.0,96.0,7.0,3.0
fall stream,S15E08,0,0,0,0,0,0,0,0,1,0,1,1,0,0,0,1,0,0,1,1,0,0,0,0,1,1,0,0,0,0,1,1,0,0,0,ZY0ofhdV_L0,Bob Ross - Fall Stream (Season 15 Episode 8),87373.0,987.0,0.0,19.0,148.0,15.0,8.0
falls in the glen,S23E10,0,0,0,0,0,0,0,0,0,1,0,1,0,0,0,1,0,0,1,0,0,0,0,0,1,0,0,0,0,0,1,1,1,0,0,txAtX-VyVNc,Bob Ross - Falls in the Glen (Season 23 Episode 10),64543.0,925.0,0.0,15.0,105.0,23.0,10.0
final embers of sunlight,S19E03,0,0,0,0,0,0,0,0,0,0,0,1,0,0,0,0,0,0,0,0,0,0,0,0,1,0,0,0,0,1,1,1,0,0,0,IeFbdk36MUU,Bob Ross - Final Embers of Sunlight (Season 19 Episode 3),729828.0,14619.0,0.0,137.0,1219.0,19.0,3.0
first snow,S26E03,0,0,0,0,0,0,0,0,1,1,0,0,0,0,0,1,0,0,1,0,0,0,0,0,0,0,1,1,0,0,1,1,0,0,1,raAkJKeo0Sk,Bob Ross - First Snow (Season 26 Episode 3),216644.0,2304.0,0.0,40.0,363.0,26.0,3.0
fisherman's paradise,S25E11,0,0,0,0,0,1,0,0,0,1,0,0,0,0,0,0,0,1,0,0,0,0,0,0,0,0,0,0,1,1,1,1,0,0,0,uJLK85uU5mA,Bob Ross - Fisherman's Paradise (Season 25 Episode 11),78514.0,1193.0,0.0,20.0,237.0,25.0,11.0
fisherman's trail,S28E01,0,0,0,0,1,0,0,0,0,1,0,0,0,0,0,0,0,1,1,1,0,0,0,1,0,0,0,1,0,0,1,1,0,0,0,VnZEpic2UzU,Bob Ross - Fisherman's Trail (Season 28 Episode 1),1291936.0,23189.0,0.0,317.0,2608.0,28.0,1.0
florida's glory,S21E13,0,0,1,0,0,0,0,0,0,0,0,0,0,0,0,0,0,0,0,0,0,1,1,0,0,0,0,0,0,0,0,0,0,1,0,HQC5sPN9Xhc,Bob Ross - Florida's Glory (Season 21 Episode 13),158726.0,1922.0,0.0,28.0,302.0,21.0,13.0
foot of the mountain,S08E08,0,0,0,0,0,0,0,0,0,1,0,1,0,0,0,1,0,0,1,1,0,0,0,0,1,0,0,1,0,0,1,1,0,0,0,cIUBUc_ITBc,Bob Ross - Foot of the Mountain (Season 8 Episode 8),97300.0,1108.0,0.0,13.0,141.0,8.0,8.0
forest edge,S23E02,0,0,0,0,1,0,0,0,0,0,0,1,0,0,0,1,0,0,0,0,0,0,0,1,0,0,0,0,0,0,1,1,0,0,0,puGk2iFvvp0,Bob Ross - Forest Edge (Season 23 Episode 2),398527.0,5182.0,0.0,69.0,558.0,23.0,2.0
forest hills,S09E07,0,0,0,0,1,0,0,0,0,1,0,1,0,0,0,0,0,0,1,1,0,0,0,0,1,1,0,1,0,0,1,1,0,0,0,E3XW_Zp238U,Bob Ross - Forest Hills (Season 9 Episode 7),161042.0,1440.0,0.0,33.0,208.0,9.0,7.0
forest river,S27E12,0,0,0,0,0,0,0,0,0,0,0,1,0,0,0,1,0,0,0,0,0,0,0,0,1,0,0,0,0,1,1,1,0,0,0,wrbGlR22K0Q,Bob Ross - Forest River (Season 27 Episode 12),622823.0,7354.0,0.0,114.0,642.0,27.0,12.0
frosty winter morn,S23E01,0,0,0,0,0,1,0,0,0,1,0,1,1,0,0,0,1,0,0,0,0,0,0,0,0,0,1,0,0,0,1,1,0,0,1,1-9_enMBquw,Bob Ross - Frosty Winter Morn (Season 23 Episode 1),289481.0,2919.0,0.0,71.0,377.0,23.0,1.0
frozen beauty in vignette,S23E11,0,0,0,0,0,1,0,0,0,1,0,1,0,0,0,0,0,1,0,0,0,0,0,0,0,0,1,0,1,0,1,1,0,0,1,H15kV1wbDG4,Bob Ross - Frozen Beauty in Vignette (Season 23 Episode 11),352132.0,2332.0,0.0,91.0,275.0,23.0,11.0
frozen solitude,S13E02,0,0,0,0,1,1,0,0,1,1,0,0,0,0,0,0,0,1,1,1,0,0,0,0,0,0,1,1,1,0,1,1,0,0,1,kNZssD9zWlw,Bob Ross - Frozen Solitude (Season 13 Episode 2),459474.0,3105.0,0.0,103.0,365.0,13.0,2.0
glacier lake,S28E06,0,0,0,0,0,0,0,0,0,1,0,0,0,0,0,1,0,1,1,0,0,0,0,0,0,1,0,1,0,0,1,1,0,0,0,TohG7F8M3Ls,Bob Ross - Glacier Lake (Season 28 Episode 6),1160972.0,14005.0,0.0,311.0,1589.0,28.0,6.0
golden glow,S11E11,0,0,0,0,0,0,0,0,1,1,0,0,0,0,0,0,0,1,0,0,0,0,0,0,0,0,1,0,0,0,1,1,1,0,0,aA8RhtaWACA,Bob Ross - Golden Glow (Season 11 Episode 11),579687.0,4944.0,0.0,149.0,409.0,11.0,11.0
golden glow of morning,S27E13,0,0,0,0,0,0,0,0,0,1,0,0,0,0,1,0,0,1,0,0,0,0,0,0,0,1,0,0,0,1,1,1,0,0,0,qXElmiqzcI0,Bob Ross - Golden Glow of Morning (Season 27 Episode 13),709451.0,5818.0,0.0,121.0,468.0,27.0,13.0
golden knoll,S12E01,0,0,0,0,0,1,0,0,0,0,0,1,0,0,1,1,0,0,0,0,0,0,0,0,0,0,0,0,1,1,1,0,0,0,0,-O0Bs65eN5w,Bob Ross - Golden Knoll (Season 12 Episode 1),158543.0,1473.0,0.0,20.0,245.0,12.0,1.0
golden sunset,S10E08,0,0,0,0,0,0,0,0,0,0,0,1,0,0,0,0,0,1,0,0,0,0,0,0,0,0,1,0,0,1,1,1,0,0,0,CiNDyckERXQ,Bob Ross - Golden Sunset (Season 10 Episode 8),142922.0,1610.0,0.0,16.0,184.0,10.0,8.0
graceful mountains,S14E06,0,0,0,0,0,0,1,0,1,1,0,1,0,0,0,0,0,0,1,1,0,0,0,0,1,0,0,1,0,0,1,1,0,0,0,0uVe8T-vVVg,Bob Ross - Graceful Mountains (Season 14 Episode 6),230695.0,1978.0,0.0,54.0,244.0,14.0,6.0
graceful waterfall,S24E08,0,0,0,0,0,0,0,1,0,0,0,1,0,0,0,0,0,0,0,0,0,0,0,0,1,1,0,0,0,0,1,1,1,0,0,fBh1nA4pMDY,Bob Ross - Graceful Waterfall (Season 24 Episode 8),454988.0,4833.0,0.0,96.0,387.0,24.0,8.0
grandpa's barn,S15E03,0,1,0,0,0,0,0,0,0,0,0,1,1,0,0,1,0,0,0,0,0,0,0,1,0,0,0,0,1,0,1,1,0,0,0,IPPU49PyfEA,Bob Ross - Grandpa's Barn (Season 15 Episode 3),126914.0,1053.0,0.0,21.0,221.0,15.0,3.0
gray mountain,S24E01,0,0,0,0,1,0,0,0,0,1,0,0,0,0,0,0,0,0,1,0,0,0,0,0,1,0,0,1,0,0,1,1,0,0,0,4XxClvPZ1RE,Bob Ross - Gray Mountain (Season 24 Episode 1),503326.0,4764.0,0.0,133.0,516.0,24.0,1.0
grey winter,S07E11,0,0,0,0,1,0,0,0,1,0,0,0,0,0,0,0,0,1,0,0,0,0,0,0,0,0,1,0,0,0,1,1,0,0,1,sS-hNYgDUak,Bob Ross - Grey Winter (Season 7 Episode 11),85907.0,1105.0,0.0,16.0,135.0,7.0,11.0
happy accident,S11E13,0,0,0,0,1,0,0,0,0,0,0,1,0,0,0,1,0,0,0,0,0,0,0,0,1,1,0,0,0,0,1,1,0,0,0,Fw6odlNp7_8,Bob Ross - Happy Accident (Season 11 Episode 13),157050.0,2507.0,0.0,34.0,367.0,11.0,13.0
hazy day,S20E04,0,0,0,0,0,0,0,0,0,0,0,1,0,0,1,0,0,0,0,0,0,0,0,0,1,1,0,0,0,0,1,1,0,0,0,5U3G61r35Mc,Bob Ross - Hazy Day (Season 20 Episode 4),61922.0,890.0,0.0,13.0,138.0,20.0,4.0
hidden delight,S20E12,0,0,0,0,0,1,0,0,0,1,0,1,0,0,0,0,0,0,0,0,0,0,0,1,1,0,0,0,0,1,1,1,0,0,0,ZyPNzDaaDt8,Bob Ross - Hidden Delight (Season 20 Episode 12),81691.0,1112.0,0.0,14.0,151.0,20.0,12.0
hidden lake,S03E12,0,0,0,0,1,0,0,0,0,1,0,1,0,0,0,0,0,1,1,1,0,0,0,0,0,0,0,0,0,0,1,1,0,0,0,P_DaqkFbnac,Bob Ross - Hidden Lake (Season 3 Episode 12),79320.0,648.0,0.0,14.0,44.0,3.0,12.0
hidden stream,S11E04,0,0,0,0,1,0,0,0,1,0,0,1,0,0,0,0,0,0,0,0,0,0,0,0,1,0,0,0,0,0,1,1,1,0,0,JGzTg8fCj4w,Bob Ross - Hidden Stream (Season 11 Episode 4),71827.0,701.0,0.0,11.0,71.0,11.0,4.0
hidden winter moon oval,S15E05,0,0,0,0,0,1,1,0,1,1,0,0,0,0,0,0,0,1,1,1,0,0,0,0,0,0,0,1,1,0,1,1,0,0,1,yxAMOdl6RJE,Bob Ross - Hidden Winter Moon Oval (Season 15 Episode 5),107930.0,1305.0,0.0,22.0,151.0,15.0,5.0
high chateau,S06E09,0,0,0,0,1,1,0,0,1,1,1,0,0,0,0,1,0,0,0,0,0,0,0,0,0,1,0,0,0,0,1,1,0,0,0,dafH8ks9Zww,Bob Ross - High Chateau (Season 6 Episode 9),59570.0,779.0,0.0,15.0,96.0,6.0,9.0
hint of springtime,S22E02,0,0,0,0,1,0,0,0,0,1,0,0,0,0,0,0,0,0,1,1,0,0,0,0,1,0,0,1,0,0,1,1,1,0,0,C-OSaHvt8ms,Bob Ross - Hint of Springtime (Season 22 Episode 2),165863.0,1671.0,0.0,31.0,279.0,22.0,2.0
home before nightfall,S28E13,0,0,0,0,0,1,0,0,1,0,0,1,0,0,0,1,0,0,0,0,1,0,0,0,0,0,0,0,1,0,1,1,0,0,0,22SiIDvyJeM,Bob Ross - Home Before Nightfall (Season 28 Episode 13),326326.0,4431.0,0.0,88.0,512.0,28.0,13.0
home in the valley,S30E08,0,0,0,0,0,1,0,0,1,1,1,0,0,0,0,1,0,1,0,0,0,0,0,0,0,0,0,0,1,0,1,1,0,0,0,enutOy-nsZk,Bob Ross - Home in the Valley (Season 30 Episode 8),1088860.0,6711.0,0.0,196.0,1171.0,30.0,8.0
horizons west,S06E08,0,0,0,0,1,0,0,0,0,1,0,0,0,0,0,0,0,1,1,0,0,0,0,0,0,0,0,1,0,0,1,1,0,0,0,m6UM-rN2D6s,Bob Ross - Horizons West (Season 6 Episode 8),142113.0,1079.0,0.0,14.0,92.0,6.0,8.0
icy lake,S24E09,0,0,0,0,0,0,0,0,0,1,0,1,0,0,0,0,0,1,0,0,0,0,0,0,0,0,1,0,0,0,1,1,0,0,1,AmBDmgta3l4,Bob Ross - Icy Lake (Season 24 Episode 9),102459.0,1267.0,0.0,27.0,359.0,24.0,9.0
in the midst of winter,S31E12,0,1,0,0,0,0,0,0,0,1,0,1,0,0,1,0,0,0,0,0,0,0,0,1,0,0,1,0,1,0,1,1,0,0,1,qx2IsmrCs3c,Bob Ross - In the Midst of Winter (Season 31 Episode 12),1244488.0,14871.0,0.0,403.0,1634.0,31.0,12.0
in the stillness of morning,S26E01,0,0,0,0,1,0,0,0,0,1,0,0,0,0,1,1,0,0,0,0,0,0,0,0,1,0,0,0,0,0,1,1,0,0,0,5rfGa1_iJpw,Bob Ross - In the Stillness of Morning (Season 26 Episode 1),214271.0,1790.0,0.0,36.0,311.0,26.0,1.0
indian summer,S21E09,0,0,0,0,1,0,0,0,0,1,0,0,0,0,0,0,0,0,0,0,0,0,0,0,0,0,0,0,0,0,1,1,0,0,0,pfWV8NkotvU,Bob Ross - Indian Summer (Season 21 Episode 9),195738.0,1856.0,0.0,38.0,212.0,21.0,9.0
island in the wilderness,S29E01,0,0,0,0,1,0,0,0,0,1,0,0,0,0,0,0,0,1,0,0,0,0,0,0,0,0,0,0,0,0,1,1,0,0,0,lLWEXRAnQd0,Bob Ross - Island in the Wilderness (Season 29 Episode 1),7529170.0,152477.0,0.0,2249.0,21209.0,29.0,1.0
island paradise,S27E09,0,0,1,0,0,0,0,0,1,0,0,0,0,0,0,0,1,0,0,0,0,1,1,0,0,1,0,0,0,0,0,0,0,1,0,Cg3XAVhAas0,Bob Ross - Island Paradise (Season 27 Episode 9),92408.0,1268.0,0.0,21.0,182.0,27.0,9.0
just before the storm,S25E10,0,0,0,0,0,0,0,0,1,0,0,0,0,0,0,0,0,0,0,0,0,1,1,0,0,0,0,0,0,0,0,0,0,1,0,Rh-jKrMrmOA,Bob Ross - Just Before the Storm (Season 25 Episode 10),107496.0,1106.0,0.0,25.0,169.0,25.0,10.0
lake at the ridge,S31E11,0,0,0,0,0,0,0,0,1,1,0,1,0,0,0,1,0,1,1,1,0,0,0,0,0,0,0,1,0,0,1,1,0,0,0,8QWvzEQ69Kw,Bob Ross - Lake at the Ridge (Season 31 Episode 11),531233.0,5959.0,0.0,168.0,854.0,31.0,11.0
lake by mountain,S07E09,0,0,0,0,1,0,0,0,1,0,1,1,0,0,0,0,0,1,1,0,0,0,0,0,0,0,0,1,0,0,1,1,0,0,0,yAiYirlcq7o,Bob Ross - Lake by Mountain (Season 7 Episode 9),175800.0,1957.0,0.0,37.0,460.0,7.0,9.0
lake in the valley,S26E04,0,0,0,0,1,0,0,0,0,0,0,1,0,0,0,1,0,1,1,0,0,0,0,1,0,0,0,1,0,1,1,1,0,0,0,KvJmSrErm20,Bob Ross - Lake in the Valley (Season 26 Episode 4),269623.0,3214.0,0.0,67.0,399.0,26.0,4.0
lake view,S17E09,0,0,0,0,0,0,0,0,0,1,0,1,0,1,0,1,1,1,0,0,0,0,0,0,0,0,0,0,0,0,1,1,0,0,0,07acfzBaoa0,Bob Ross - Lake View (Season 17 Episode 9),94087.0,1328.0,0.0,34.0,317.0,17.0,9.0
lakeside cabin,S08E02,0,0,0,0,1,1,0,0,1,0,0,1,0,0,0,1,0,1,0,0,0,0,0,0,0,0,0,0,1,0,1,1,0,0,0,CP6_5cQVZvQ,Bob Ross - Lakeside Cabin (Season 8 Episode 2),73384.0,1061.0,0.0,18.0,153.0,8.0,2.0
lakeside cabin,S10E13,0,0,0,0,0,1,0,0,1,0,1,1,0,0,0,1,0,1,0,0,0,0,0,1,0,1,0,0,1,0,1,1,0,0,0,CP6_5cQVZvQ,Bob Ross - Lakeside Cabin (Season 8 Episode 2),73384.0,1061.0,0.0,18.0,153.0,8.0,2.0
lazy river,S02E10,0,0,0,0,0,0,0,0,0,0,0,1,0,0,0,1,0,0,0,0,0,0,0,0,1,0,0,0,0,0,1,1,0,0,0,BW2wKKFvH1g,Bob Ross - Lazy River (Season 2 Episode 10),2135382.0,14296.0,0.0,574.0,1065.0,2.0,10.0
light at the summit,S29E04,0,0,0,0,0,0,0,0,0,0,0,1,0,0,0,1,0,0,1,1,0,0,0,1,0,0,0,0,0,1,1,1,0,0,0,HOdS-G8p1KE,Bob Ross - Light at the Summit (Season 29 Episode 4),162932.0,2029.0,0.0,29.0,253.0,29.0,4.0
lone mountain,S21E12,0,0,0,0,0,0,0,0,0,1,0,0,0,0,0,1,0,1,1,0,0,0,0,0,0,0,0,1,0,0,1,1,0,0,0,NJbzIftLLmU,Bob Ross - Lone Mountain (Season 21 Episode 12),94410.0,1281.0,0.0,15.0,171.0,21.0,12.0
lonely retreat,S08E12,0,0,0,0,0,1,0,0,1,1,0,0,0,0,0,0,0,0,0,0,0,0,0,0,0,0,1,0,1,0,1,0,0,0,1,qTDQt_PdlYc,Bob Ross - Lonely Retreat (Season 8 Episode 12),1128324.0,9387.0,0.0,238.0,832.0,8.0,12.0
majestic mountains,S04E03,0,0,0,0,1,0,0,0,0,1,0,0,0,0,0,1,0,0,1,1,0,0,0,0,0,0,0,1,0,0,1,1,0,0,0,NcVeRlPu_5w,Bob Ross - Majestic Mountains (Season 4 Episode 3),631139.0,4644.0,0.0,151.0,400.0,4.0,3.0
majestic peaks,S18E06,0,0,0,0,1,0,0,0,0,1,0,0,0,0,0,0,0,1,1,1,0,0,0,0,0,0,0,1,0,0,1,1,0,0,0,lilbzLCNnDo,Bob Ross - Majestic Peaks (Season 18 Episode 6),126666.0,1653.0,0.0,26.0,267.0,18.0,6.0
marshlands,S06E12,0,0,0,0,1,0,0,0,1,0,0,1,0,0,0,0,0,1,0,0,0,0,0,0,0,0,0,0,0,0,1,1,0,0,0,Ugiwi8uizpg,Bob Ross - Marshlands (Season 6 Episode 12),797429.0,6410.0,0.0,157.0,619.0,6.0,12.0
meadow brook surprise,S14E02,0,0,0,0,0,0,0,0,0,1,0,0,0,0,0,1,0,0,0,0,0,0,0,0,1,0,0,0,0,0,1,1,0,0,0,Ov5oIHTAa10,Bob Ross - Meadow Brook Surprise (Season 14 Episode 2),136995.0,1431.0,0.0,17.0,244.0,14.0,2.0
meadow lake,S02E01,0,0,0,0,1,0,0,0,0,1,1,1,0,0,0,1,0,1,1,0,0,0,0,0,0,0,0,1,0,0,1,1,0,0,0,GARWowi0QXI,Bob Ross - Meadow Lake (Season 2 Episode 1),230854.0,2436.0,0.0,29.0,277.0,2.0,1.0
meadow road,S09E04,0,0,0,0,1,0,0,0,1,1,1,1,0,0,0,1,0,0,1,1,0,0,0,1,0,0,0,1,0,0,1,1,0,0,0,u5VT_WGM0kg,Bob Ross - Meadow Road (Season 9 Episode 4),153974.0,1438.0,0.0,36.0,187.0,9.0,4.0
meadow stream,S05E13,0,1,0,0,0,0,0,0,1,0,0,1,0,0,0,1,0,0,0,0,0,0,0,0,1,1,0,0,1,0,1,1,0,0,0,87MMbN1bQCs,Bob Ross - Meadow Stream (Season 5 Episode 13),296494.0,2370.0,0.0,72.0,244.0,5.0,13.0
mirrored images,S24E06,0,0,0,0,0,0,0,0,1,1,0,0,0,0,0,0,0,1,1,1,0,0,0,0,0,1,0,0,0,0,1,1,0,0,0,i29frkR1T98,Bob Ross - Mirrored Images (Season 24 Episode 6),69223.0,904.0,0.0,10.0,157.0,24.0,6.0
misty foothills,S30E06,0,0,0,0,0,0,0,0,1,1,1,0,0,0,0,0,1,1,1,0,0,0,0,0,0,0,0,0,0,0,1,1,0,0,0,LEz4UVL7POE,Bob Ross - Misty Foothills (Season 30 Episode 6),115375.0,2505.0,0.0,27.0,297.0,30.0,6.0
misty forest oval,S14E12,0,0,0,0,0,0,0,0,1,0,0,1,0,0,1,1,0,0,0,0,0,0,0,0,0,0,0,0,0,0,1,1,0,0,0,ddU9vQvSpw8,Bob Ross - Misty Forest Oval (Season 14 Episode 12),88046.0,1154.0,0.0,12.0,100.0,14.0,12.0
misty rolling hills,S08E01,0,0,0,0,0,0,0,0,0,1,0,0,0,0,1,1,0,0,1,1,0,0,0,0,0,0,0,0,0,0,1,1,0,0,0,cC5ozePVKGI,Bob Ross - Misty Rolling Hills (Season 8 Episode 1),214702.0,1658.0,0.0,42.0,254.0,8.0,1.0
misty waterfall,S07E06,0,0,0,0,1,0,0,0,1,0,1,1,0,0,0,0,0,1,0,0,0,0,0,0,1,0,0,0,0,0,1,1,1,0,0,530_cVmexiI,Bob Ross - Misty Waterfall (Season 7 Episode 6),411547.0,3470.0,0.0,85.0,259.0,7.0,6.0
mountain at sunset,S12E10,0,0,0,0,1,0,0,0,1,1,0,1,0,0,0,1,0,0,1,0,0,0,0,0,1,0,0,1,0,0,1,1,0,0,0,HCsCatvigtw,Bob Ross - Mountain at Sunset (Season 12 Episode 10),1580910.0,11175.0,0.0,304.0,1114.0,12.0,10.0
mountain beauty,S17E13,0,0,0,0,0,0,0,0,0,0,1,0,0,1,0,1,1,1,1,0,0,0,0,0,0,0,0,1,0,0,1,1,0,0,0,8P-YeoTmVrw,Bob Ross - Mountain Beauty (Season 17 Episode 13),594006.0,7291.0,0.0,128.0,910.0,17.0,13.0
mountain cabin,S07E04,0,0,0,0,0,1,0,0,1,1,1,1,0,0,0,0,0,0,1,1,0,0,0,0,1,0,0,1,1,0,1,1,0,0,0,E3IAMvO8GyM,Bob Ross - Mountain Cabin (Season 7 Episode 4),183510.0,1572.0,0.0,39.0,133.0,7.0,4.0
mountain challenge,S04E13,0,0,0,0,0,0,0,0,0,1,0,0,0,0,0,1,0,1,1,0,0,0,0,0,0,0,0,1,0,0,1,0,0,0,0,o2cjLA_wgIk,Bob Ross - Mountain Challenge (Season 4 Episode 13),408583.0,2783.0,0.0,76.0,317.0,4.0,13.0
mountain glory,S07E10,0,0,0,0,0,0,0,0,1,1,0,0,0,0,0,1,0,0,1,1,0,0,0,0,0,0,0,1,0,0,1,1,0,0,0,0M9pwLHRR2c,Bob Ross - Mountain Glory (Season 7 Episode 10),150864.0,1299.0,0.0,25.0,130.0,7.0,10.0
mountain in an oval,S12E12,0,0,0,0,1,0,0,0,1,1,1,1,0,0,0,1,0,0,1,1,0,0,0,0,1,0,0,0,0,1,1,1,0,0,0,1jRPshs27H8,Bob Ross - Mountain in an Oval (Season 12 Episode 12),48927.0,657.0,0.0,10.0,93.0,12.0,12.0
mountain lake,S01E10,0,0,0,0,1,0,0,0,0,1,0,1,0,0,0,0,0,1,1,0,0,0,0,0,0,0,0,0,0,0,1,1,0,0,0,wDnLlywAL5I,Bob Ross - Mountain Lake (Season 1 Episode 10),117072.0,1111.0,0.0,13.0,115.0,1.0,10.0
mountain lake falls,S29E06,0,0,0,0,0,0,0,0,1,1,1,0,0,0,0,0,0,1,1,1,0,0,0,0,1,0,0,1,0,0,1,1,1,0,0,dNEp3hoHSDI,Bob Ross - Mountain Lake Falls (Season 29 Episode 6),4104408.0,53319.0,0.0,1038.0,9131.0,29.0,6.0
mountain moonlight oval,S14E03,0,0,0,0,0,0,0,0,0,1,0,1,0,0,0,1,0,0,1,1,1,0,0,0,0,0,0,0,0,0,1,1,0,0,0,CigXQtT6BPM,Bob Ross - Mountain Moonlight Oval (Season 14 Episode 3),143379.0,1267.0,0.0,24.0,170.0,14.0,3.0
mountain oval,S10E09,0,0,0,0,1,0,1,0,1,1,0,1,0,0,0,0,0,1,1,1,0,0,0,0,0,0,0,1,0,0,1,1,0,0,0,Qj6lMtnCt8o,Bob Ross - Mountain Oval (Season 10 Episode 9),750561.0,8664.0,0.0,166.0,1725.0,10.0,9.0
mountain path,S09E09,0,0,0,0,1,0,0,0,1,0,0,0,0,0,0,0,0,0,1,0,0,0,0,0,1,0,0,1,0,0,1,1,0,0,0,e0VUprkc1n0,Bob Ross - Mountain Path (Season 9 Episode 9),95653.0,1115.0,0.0,21.0,152.0,9.0,9.0
mountain range,S08E11,0,0,0,0,0,0,0,0,1,1,1,1,0,0,0,0,0,1,1,1,0,0,0,0,0,0,0,1,0,0,1,1,0,0,0,V_l6olF3yHI,Bob Ross - Mountain Range (Season 8 Episode 11),187852.0,2111.0,0.0,35.0,368.0,8.0,11.0
mountain reflections,S12E02,0,0,0,0,1,0,0,0,1,1,1,0,0,0,0,0,0,0,1,1,0,0,0,0,1,1,0,1,0,0,1,1,0,0,0,rzYpa4XGSnA,Bob Ross - Mountain Reflections (Season 12 Episode 2),94517.0,1180.0,0.0,15.0,161.0,12.0,2.0
mountain retreat,S03E01,0,0,0,0,1,1,0,0,0,1,0,1,0,0,0,0,0,1,1,1,0,0,0,0,0,0,0,0,1,0,1,1,0,0,0,hoimk4s8JoQ,Bob Ross - Mountain Retreat (Season 3 Episode 1),249251.0,2218.0,0.0,42.0,248.0,3.0,1.0
mountain rhapsody,S21E06,0,0,0,0,0,0,0,0,0,1,0,0,0,0,0,0,0,1,1,0,0,0,0,0,0,0,1,1,0,0,1,1,0,0,1,H4VsmKU5T7g,Bob Ross - Mountain Rhapsody (Season 21 Episode 6),91037.0,883.0,0.0,22.0,187.0,21.0,6.0
mountain ridge lake,S23E03,0,0,0,0,0,0,0,0,1,1,1,0,0,0,0,1,0,1,1,1,0,0,0,0,0,0,0,0,0,0,1,0,0,0,0,Hq-z06i6HCs,Bob Ross - Mountain Ridge Lake (Season 23 Episode 3),375692.0,4557.0,0.0,102.0,432.0,23.0,3.0
mountain river,S14E05,0,0,0,0,1,0,0,0,1,1,1,0,0,0,1,0,0,0,1,1,0,0,0,0,1,1,0,0,0,0,1,1,0,0,0,CnMLKAGi0yM,Bob Ross - Mountain River (Season 14 Episode 5),125360.0,1118.0,0.0,25.0,170.0,14.0,5.0
mountain seclusion,S18E03,0,0,0,0,0,1,0,0,1,1,0,0,0,0,0,0,0,0,1,1,0,0,0,0,1,0,1,0,1,0,1,1,0,0,1,EBZKuVbRY54,Bob Ross - Mountain Seclusion (Season 18 Episode 3),156288.0,1385.0,0.0,34.0,207.0,18.0,3.0
mountain serenity,S28E12,0,0,0,0,1,0,0,0,0,1,0,0,0,0,0,1,0,1,1,0,0,0,0,0,0,0,0,1,0,0,1,1,0,0,0,wc_YVijYjT4,Bob Ross - Mountain Serenity (Season 28 Episode 12),168964.0,2161.0,0.0,40.0,236.0,28.0,12.0
mountain splendor,S07E08,0,0,0,0,1,0,0,0,0,0,0,1,0,0,0,0,0,0,1,0,0,0,0,0,1,0,0,1,0,0,1,1,0,0,0,GhOGZMpPUSE,Bob Ross - Mountain Splendor (Season 7 Episode 8),377559.0,3078.0,0.0,83.0,296.0,7.0,8.0
mountain stream,S11E01,0,0,0,0,0,0,0,0,0,1,0,0,0,0,0,1,0,0,1,0,0,0,0,0,1,0,0,1,0,0,1,1,0,0,0,xdFCj6BzQio,Bob Ross - Mountain Stream (Season 11 Episode 1),126630.0,1095.0,0.0,14.0,127.0,11.0,1.0
mountain summit,S13E10,0,0,0,0,1,0,0,0,1,1,1,1,0,0,0,0,0,0,1,0,0,0,0,0,1,0,0,1,0,0,1,1,0,0,0,kasGRkfkiPM,Bob Ross - Mountain Summit (Season 13 Episode 10),3041171.0,22498.0,0.0,542.0,3310.0,13.0,10.0
mountain waterfall,S02E12,0,0,0,0,0,0,0,0,0,0,0,1,0,0,0,1,0,1,1,1,0,0,0,0,0,0,0,1,0,0,1,1,1,0,0,DqhzxdkdQS0,Bob Ross - Mountain Waterfall (Season 5 Episode 1),446120.0,3251.0,0.0,88.0,351.0,5.0,1.0
mountain waterfall,S02E12,0,0,0,0,0,0,0,0,0,0,0,1,0,0,0,1,0,1,1,1,0,0,0,0,0,0,0,1,0,0,1,1,1,0,0,9jIt95PCFAA,Bob Ross - Mountain Waterfall (Season 2 Episode 12),291712.0,1714.0,0.0,41.0,145.0,2.0,12.0
mountain waterfall,S05E01,0,0,0,0,1,0,0,0,1,1,1,0,0,0,0,0,0,1,1,1,0,0,0,0,0,0,0,1,0,0,1,1,1,0,0,DqhzxdkdQS0,Bob Ross - Mountain Waterfall (Season 5 Episode 1),446120.0,3251.0,0.0,88.0,351.0,5.0,1.0
mountain waterfall,S05E01,0,0,0,0,1,0,0,0,1,1,1,0,0,0,0,0,0,1,1,1,0,0,0,0,0,0,0,1,0,0,1,1,1,0,0,9jIt95PCFAA,Bob Ross - Mountain Waterfall (Season 2 Episode 12),291712.0,1714.0,0.0,41.0,145.0,2.0,12.0
mountains of grace,S30E09,0,0,0,0,0,0,1,0,1,1,0,1,0,0,0,0,0,0,1,1,0,0,0,0,1,0,0,1,0,0,1,1,0,0,0,nXlu_Q0sR7c,Bob Ross - Mountains of Grace (Season 30 Episode 9),213155.0,2269.0,0.0,42.0,492.0,30.0,9.0
mystic mountain,S20E01,0,0,0,0,0,0,0,0,1,1,1,1,0,0,0,0,0,1,1,0,0,0,0,0,0,0,0,1,0,0,1,1,0,0,0,VlucWfTUo1A,Bob Ross - Mystic Mountain (Season 20 Episode 1),4580137.0,54457.0,0.0,933.0,7507.0,20.0,1.0
natural wonder,S14E13,0,0,0,0,0,0,0,0,1,1,1,1,0,0,0,1,0,1,1,0,0,0,0,0,0,0,0,1,0,0,1,1,0,0,0,knOutsaiKfU,Bob Ross - Natural Wonder (Season 14 Episode 13),100481.0,1133.0,0.0,19.0,175.0,14.0,13.0
nature's edge,S06E02,0,0,0,0,1,1,0,0,1,0,0,1,0,0,1,1,0,1,0,0,0,0,0,0,0,0,0,0,1,0,1,1,0,0,0,Bcqyzo85A1o,Bob Ross - Nature's Edge (Season 6 Episode 2),198590.0,1585.0,0.0,47.0,168.0,6.0,2.0
nestled cabin,S16E02,0,0,0,0,0,1,0,0,0,0,0,1,0,0,0,1,0,0,0,0,0,0,0,1,0,0,0,0,1,0,1,1,0,0,0,l_jN9KN257M,Bob Ross - Nestled Cabin (Season 16 Episode 2),195321.0,2190.0,0.0,45.0,402.0,16.0,2.0
new day's dawn,S20E02,0,1,0,0,0,0,0,0,0,1,0,0,1,0,0,1,0,0,0,0,0,0,0,1,0,0,0,0,1,1,1,1,0,0,0,vbPdQ0w8ylg,Bob Ross - New Day's Dawn (Season 20 Episode 2),101526.0,1562.0,0.0,17.0,288.0,20.0,2.0
night light,S03E08,0,0,0,0,0,0,0,1,1,0,1,0,0,0,0,0,0,0,0,0,1,1,0,0,0,0,0,0,1,0,0,0,0,1,0,l141Y0x8om0,Bob Ross - Night Light (Season 3 Episode 8),183179.0,1192.0,0.0,24.0,89.0,3.0,8.0
northern lights,S08E13,0,0,0,0,0,1,0,0,0,1,0,1,0,0,0,0,0,1,1,0,1,0,0,0,0,0,1,1,1,0,1,1,0,0,1,vgbMONXc9Cs,Bob Ross - Northern Lights (Season 8 Episode 13),1861056.0,25564.0,0.0,369.0,2395.0,8.0,13.0
not quite spring,S25E03,0,0,0,0,0,0,0,0,0,1,0,0,0,0,0,0,0,1,1,0,0,0,0,0,0,0,1,1,0,0,1,1,0,0,1,N_u6x7LeyTM,Bob Ross - Not Quite Spring (Season 25 Episode 3),122923.0,1306.0,0.0,38.0,224.0,25.0,3.0
ocean breeze,S10E05,0,0,0,0,0,0,0,0,1,0,1,0,0,0,0,0,0,0,0,0,0,1,0,0,0,1,0,0,0,0,0,0,0,1,0,XZmdzfvXRuw,Bob Ross - Ocean Breeze (Season 10 Episode 5),1251616.0,10385.0,0.0,196.0,1328.0,10.0,5.0
ocean sunrise,S05E06,0,0,0,0,0,0,0,0,1,0,0,0,0,0,0,1,0,0,0,0,0,1,0,0,0,0,0,0,0,1,0,0,0,0,0,u0Bz6TNUK1Q,Bob Ross - Ocean Sunrise (Season 5 Episode 6),73315.0,783.0,0.0,49.0,95.0,5.0,6.0
ocean sunset,S10E10,0,0,1,0,0,0,0,0,1,0,0,0,0,0,0,0,0,0,0,0,0,1,0,0,0,1,0,0,0,0,0,0,0,1,0,OJ_xqtvZf3o,Bob Ross - Ocean Sunset (Season 10 Episode 10),479199.0,3635.0,0.0,120.0,305.0,10.0,10.0
on a clear day,S14E08,0,0,0,0,0,0,0,0,0,1,0,0,0,0,0,0,0,0,1,0,0,0,0,0,1,0,1,1,0,1,1,1,0,0,1,e63Cgln6Yag,Bob Ross - On a Clear Day (Season 14 Episode 8),128612.0,1376.0,0.0,33.0,237.0,14.0,8.0
oriental falls,S25E06,0,0,0,0,1,0,0,0,0,1,0,0,0,0,1,0,0,0,0,0,0,0,0,0,0,1,0,0,0,0,1,1,1,0,0,v8Znj8bbmCQ,Bob Ross - Oriental Falls (Season 25 Episode 6),244917.0,2175.0,0.0,61.0,254.0,25.0,6.0
oval barn,S11E06,0,1,0,0,1,0,0,0,1,0,1,1,0,0,0,0,0,0,0,0,0,0,0,0,0,0,1,0,1,0,1,1,0,0,1,HqBhCibidNM,Bob Ross - Oval Barn (Season 11 Episode 6),96065.0,1004.0,0.0,17.0,135.0,11.0,6.0
pastel seascape,S22E11,0,0,1,0,0,0,0,0,1,0,0,0,0,0,0,0,0,0,0,0,0,1,0,0,0,0,0,0,0,1,0,0,0,1,0,K4aud_SpFDQ,Bob Ross - Pastel Seascape (Season 22 Episode 11),228668.0,3083.0,0.0,43.0,356.0,22.0,11.0
pathway to autumn,S15E11,0,0,0,0,0,1,0,0,0,0,0,1,0,0,0,1,0,0,0,0,0,0,0,1,0,0,0,0,1,0,1,1,0,0,0,Hg5RKc6xiL4,Bob Ross - Pathway to Autumn (Season 15 Episode 11),46372.0,586.0,0.0,11.0,141.0,15.0,11.0
peaceful valley,S01E08,0,0,0,0,1,0,0,0,0,1,0,0,0,0,0,0,0,1,1,1,0,0,0,0,0,0,0,0,0,0,1,1,0,0,0,kQlFwTOkYzg,Bob Ross - Peaceful Valley (Season 1 Episode 8),162362.0,1536.0,0.0,12.0,166.0,1.0,8.0
peaceful waters,S03E13,0,0,0,0,0,0,0,0,1,1,1,1,0,0,0,0,0,1,1,0,0,0,0,0,0,0,0,1,0,0,1,1,0,0,0,Z0vtjRLqXcQ,Bob Ross - Peaceful Waters (Season 3 Episode 13),73761.0,778.0,0.0,13.0,90.0,3.0,13.0
peaks of majesty,S15E13,0,0,0,0,0,0,1,0,1,1,0,0,0,0,0,1,0,1,1,1,0,0,0,0,0,0,0,0,0,0,1,1,0,0,0,lTb8DN6G6dE,Bob Ross - Peaks of Majesty (Season 15 Episode 13),92695.0,1176.0,0.0,18.0,199.0,15.0,13.0
portrait of winter,S24E11,0,0,0,0,1,0,0,0,0,1,0,0,0,0,0,0,0,1,1,1,0,0,0,0,0,0,1,1,0,0,1,1,0,0,1,JLnIUGOupOA,Bob Ross - Portrait of Winter (Season 24 Episode 11),75325.0,1037.0,0.0,16.0,229.0,24.0,11.0
purple haze,S22E06,0,0,0,0,1,0,0,0,0,0,0,1,0,0,0,1,0,0,0,0,0,0,0,0,1,0,0,0,0,0,1,1,1,0,0,ZoJ2tcXWb7g,Bob Ross - Purple Haze (Season 22 Episode 6),173425.0,2545.0,0.0,39.0,394.0,22.0,6.0
purple splendor,S04E01,0,0,0,0,0,1,0,0,0,1,0,0,0,0,0,0,0,1,0,0,0,0,0,0,0,0,1,0,1,0,1,1,0,0,1,hP4GfMgsNVE,Bob Ross - Purple Splendor (Season 4 Episode 1),151948.0,1717.0,0.0,26.0,216.0,4.0,1.0
quiet inlet,S03E07,0,0,0,0,0,0,0,0,0,0,0,1,0,0,0,0,0,1,1,1,0,0,0,0,0,0,0,0,0,0,1,1,0,0,0,9N5IWKzYIyU,Bob Ross - Quiet Inlet (Season 3 Episode 7),216928.0,1039.0,0.0,47.0,80.0,3.0,7.0
quiet mountain lake,S19E02,0,0,0,0,0,0,0,0,1,0,1,1,0,0,0,1,0,1,1,0,0,0,0,0,0,0,0,0,0,0,1,1,0,0,0,2gq2V6dCt2I,Bob Ross - Quiet Mountain Lake (Season 19 Episode 2),164050.0,1516.0,0.0,27.0,180.0,19.0,2.0
quiet pond,S05E05,0,0,0,0,0,0,0,0,0,0,0,1,0,0,0,1,0,1,0,0,0,0,0,0,0,0,0,0,0,0,1,1,0,0,0,aiK9xOIJtV8,Bob Ross - Quiet Pond (Season 5 Episode 5),104058.0,1311.0,0.0,14.0,136.0,5.0,5.0
quiet stream,S01E05,0,0,0,0,0,0,0,0,0,0,0,1,0,0,0,0,0,0,0,0,0,0,0,0,1,1,0,0,0,0,1,1,0,0,0,DFSIQNjKRfk,Bob Ross - Quiet Stream (Season 1 Episode 5),980984.0,7865.0,0.0,197.0,626.0,1.0,5.0
red sunset,S09E03,0,0,0,0,1,0,0,0,1,1,0,0,0,0,0,0,0,1,0,0,0,0,0,0,0,0,0,0,0,0,1,1,0,0,0,e5JhYi_G-l0,Bob Ross - Red Sunset (Season 9 Episode 3),126558.0,1456.0,0.0,22.0,175.0,9.0,3.0
reflections,S02E08,0,0,0,0,1,0,1,0,1,1,0,0,0,0,0,0,0,1,1,0,0,0,0,0,0,0,0,1,0,0,1,1,0,0,0,0FYfo94qefg,Bob Ross - Reflections (Season 2 Episode 8),983891.0,7440.0,0.0,236.0,496.0,2.0,8.0
reflections of calm,S31E01,0,0,0,0,0,0,0,0,0,1,0,0,0,0,0,0,0,1,1,1,0,0,0,0,0,0,0,0,0,0,1,1,0,0,0,kJFB6rH3z2A,Bob Ross - Reflections of Calm (Season 31 Episode 1),1432050.0,17979.0,0.0,334.0,2346.0,31.0,1.0
reflections of gold,S23E04,0,0,0,0,0,0,0,0,1,0,0,1,0,0,0,0,0,0,0,0,0,0,0,0,1,0,1,0,0,1,1,1,0,0,0,8f9CCnqJ_1Y,Bob Ross - Reflections of Gold (Season 23 Episode 4),75419.0,1004.0,0.0,23.0,128.0,23.0,4.0
rippling waters,S18E13,0,0,0,0,0,0,0,0,0,0,0,1,0,0,0,0,0,0,0,0,0,0,0,0,1,1,0,0,0,1,1,1,1,0,0,XvnJBynSiT0,Bob Ross - Rippling Waters (Season 18 Episode 13),96682.0,1082.0,0.0,16.0,178.0,18.0,13.0
rolling hills,S13E01,0,0,0,0,1,0,0,0,0,0,0,1,0,0,0,1,1,1,0,0,0,0,0,0,0,0,0,0,0,0,1,1,0,0,0,H4GyGrT7lEQ,Bob Ross - Rolling Hills (Season 13 Episode 1),97941.0,1189.0,0.0,16.0,163.0,13.0,1.0
rowboat on the beach,S24E10,0,0,1,0,0,0,0,0,1,0,0,0,0,0,0,1,1,0,0,0,0,1,0,0,0,0,0,0,0,1,0,0,0,1,0,hfvhXOvg43w,Bob Ross - Rowboat on the Beach (Season 24 Episode 10),121302.0,1634.0,0.0,23.0,234.0,24.0,10.0
royal majesty,S21E03,0,0,0,0,0,0,0,0,1,1,0,0,0,0,0,0,0,0,1,1,0,0,0,0,1,1,0,1,0,0,1,1,1,0,0,ubUXBqE6t0U,Bob Ross - Royal Majesty (Season 21 Episode 3),184000.0,1825.0,0.0,45.0,286.0,21.0,3.0
russet winter,S22E05,0,1,0,0,0,0,0,0,0,0,0,1,0,0,0,0,0,0,0,0,0,0,0,0,0,0,1,0,1,0,1,0,0,0,1,aE4nID1p-t0,Bob Ross - Russet Winter (Season 22 Episode 5),110394.0,1193.0,0.0,33.0,188.0,22.0,5.0
rustic barn,S03E11,0,1,0,0,0,0,0,0,0,0,0,1,1,0,0,0,0,1,0,0,0,0,0,0,0,0,0,0,1,0,1,1,0,0,0,WJJwrnFhUUg,Bob Ross - Rustic Barn (Season 3 Episode 11),217131.0,1421.0,0.0,56.0,120.0,3.0,11.0
rustic winter woods,S27E03,0,0,0,0,0,0,0,0,0,0,0,1,0,0,0,0,0,0,0,0,0,0,0,0,0,0,1,0,0,1,1,1,0,0,1,3q8Zi9480lw,Bob Ross - Rustic Winter Woods (Season 27 Episode 3),184752.0,1928.0,0.0,38.0,238.0,27.0,3.0
scenic seclusion,S19E08,0,0,0,0,1,0,0,0,0,1,0,1,0,0,0,1,0,0,1,0,0,0,0,0,1,0,0,0,0,0,1,1,1,0,0,d50HkqB9JEM,Bob Ross - Scenic Seclusion (Season 19 Episode 8),105732.0,1346.0,0.0,24.0,232.0,19.0,8.0
seascape,S01E09,0,0,1,0,0,0,0,0,1,0,0,0,1,0,0,0,0,0,0,0,0,1,0,0,0,0,0,0,0,0,0,0,0,0,0,QxcS7p1VHyQ,Bob Ross - Seascape (Season 1 Episode 9),130055.0,1240.0,0.0,18.0,117.0,1.0,9.0
seaside harmony,S30E10,0,0,1,0,0,0,0,0,1,0,0,0,0,0,0,0,0,0,0,0,0,1,0,0,0,1,0,0,0,0,0,0,0,1,0,CY6sGFs209E,Bob Ross - Seaside Harmony (Season 30 Episode 10),158738.0,2258.0,0.0,32.0,340.0,30.0,10.0
seasonal progression,S29E03,0,0,0,0,1,0,0,0,0,1,0,0,0,0,0,1,0,1,1,1,0,0,0,0,0,0,1,1,0,0,1,1,0,0,1,T2G5waMfQ-g,Bob Ross - Seasonal Progression (Season 29 Episode 3),134804.0,2131.0,0.0,24.0,298.0,29.0,3.0
secluded beach,S09E06,0,0,1,0,0,0,0,0,1,0,1,0,0,0,0,0,0,0,0,0,0,1,0,0,0,1,0,0,0,0,0,0,0,1,0,WGUcw_kFvzU,Bob Ross - Secluded Beach (Season 9 Episode 6),158986.0,1823.0,0.0,31.0,216.0,9.0,6.0
secluded bridge,S10E04,0,0,0,1,0,0,0,0,0,0,0,1,0,0,0,0,0,0,0,0,0,0,0,0,1,1,0,0,1,0,1,1,0,0,0,vrAMRxBB5KI,Bob Ross - Secluded Bridge (Season 10 Episode 4),542296.0,5655.0,0.0,121.0,728.0,10.0,4.0
secluded forest,S06E05,0,0,0,0,1,0,0,0,0,0,0,1,0,0,0,0,0,0,0,0,0,0,0,0,1,0,0,0,0,0,1,1,0,0,0,USkduOfwJok,Bob Ross - Secluded Forest (Season 6 Episode 5),429790.0,6986.0,0.0,100.0,533.0,6.0,5.0
secluded lake,S07E02,0,0,0,0,0,0,0,0,1,0,0,1,0,0,0,1,0,1,0,0,0,0,0,0,0,1,0,0,0,0,1,1,0,0,0,2OxSJcFvpoU,Bob Ross - Secluded Lake (Season 7 Episode 2),136974.0,1300.0,0.0,32.0,222.0,7.0,2.0
shades of grey,S02E04,0,0,0,0,1,1,0,0,1,1,1,1,0,0,0,0,0,1,1,1,0,0,0,0,0,0,1,1,1,0,1,1,0,0,0,I-ousb8-SD0,Bob Ross - Shades of Grey (Season 2 Episode 4),2002088.0,16969.0,0.0,137.0,1388.0,2.0,4.0
shadow pond,S14E11,0,0,0,0,0,0,0,0,0,0,0,1,0,0,0,1,0,1,0,0,0,0,0,0,0,0,0,0,0,0,1,1,0,0,0,BQWJ3kqonpA,Bob Ross - Shadow Pond (Season 14 Episode 11),82842.0,1079.0,0.0,14.0,163.0,14.0,11.0
silent forest,S22E13,0,0,0,0,0,0,0,0,0,1,0,0,0,0,0,1,0,0,0,0,0,0,0,0,1,0,0,0,0,0,1,1,0,0,0,AE1GKcL3NuI,Bob Ross - Silent Forest (Season 22 Episode 13),268433.0,2753.0,0.0,57.0,229.0,22.0,13.0
snow birch,S26E07,0,0,0,0,0,0,0,0,0,0,0,1,0,0,0,0,0,1,0,0,0,0,0,0,0,0,1,0,0,0,1,1,0,0,1,wKeemvioVrM,Bob Ross - Snow Birch (Season 26 Episode 7),154043.0,2356.0,0.0,28.0,385.0,26.0,7.0
snow trail,S06E06,0,0,0,0,0,0,0,0,1,1,1,0,0,0,0,1,0,0,0,0,0,0,0,0,0,0,1,0,0,0,1,1,0,0,0,n9EsFFtwZnE,Bob Ross - Snow Trail (Season 6 Episode 6),126860.0,966.0,0.0,23.0,80.0,6.0,6.0
snowbound cabin,S24E13,0,0,0,0,0,1,0,0,1,1,0,1,1,0,0,0,0,0,0,0,0,0,0,0,0,0,1,0,0,0,1,1,0,0,1,obSLZWXmDak,Bob Ross - Snowbound Cabin (Season 24 Episode 13),150003.0,1754.0,0.0,35.0,222.0,24.0,13.0
snowfall magic,S19E01,0,0,0,0,0,0,0,0,0,0,0,1,0,0,0,0,0,0,0,0,0,0,0,0,1,0,1,0,0,0,1,1,0,0,1,1enWTsRi16o,Bob Ross - Snowfall Magic (Season 19 Episode 1),142559.0,1556.0,0.0,30.0,273.0,19.0,1.0
snowy morn,S19E04,0,0,0,0,0,1,0,0,0,1,0,0,0,0,0,0,0,0,0,0,0,0,0,0,0,0,1,0,1,0,1,1,0,0,1,iB1TDWlo0kk,Bob Ross - Snowy Morn (Season 19 Episode 4),113543.0,1290.0,0.0,28.0,208.0,19.0,4.0
snowy solitude,S14E04,0,0,0,0,0,0,1,0,1,0,0,1,1,0,0,0,0,0,0,0,0,0,0,0,0,0,1,0,0,0,1,1,0,0,1,1ZriQGhSFTM,Bob Ross - Snowy Solitude (Season 14 Episode 4),113930.0,1465.0,0.0,24.0,233.0,14.0,4.0
soothing vista,S17E03,0,0,0,0,0,0,0,0,0,0,0,1,0,0,0,1,0,1,1,1,0,0,0,0,0,0,0,0,0,0,1,1,0,0,0,NqfRLiv0SZ0,Bob Ross - Soothing Vista (Season 17 Episode 3),179570.0,2007.0,0.0,27.0,352.0,17.0,3.0
southwest serenity,S18E12,0,0,0,0,0,0,1,0,1,0,0,0,0,0,0,0,0,0,1,1,0,0,0,1,0,0,0,0,0,0,0,0,0,0,0,EVfPPJ5FUmA,Bob Ross - Southwest Serenity (Season 18 Episode 12),91417.0,972.0,0.0,14.0,183.0,18.0,12.0
spectacular waterfall,S17E07,0,0,0,0,0,0,0,0,0,1,0,0,0,0,0,0,0,0,1,1,0,0,0,0,1,1,0,0,0,0,1,1,1,0,0,nK-HebXL2uw,Bob Ross - Spectacular Waterfall (Season 17 Episode 7),91534.0,1120.0,0.0,22.0,250.0,17.0,7.0
splashes of autumn,S25E04,0,0,0,0,0,0,0,0,0,0,0,1,0,0,0,0,0,1,0,0,0,0,0,0,1,0,0,0,0,0,1,1,1,0,0,YcbaMqq_X8s,Bob Ross - Splashes of Autumn (Season 25 Episode 4),75741.0,1005.0,0.0,11.0,177.0,25.0,4.0
splendor of autumn,S28E10,0,0,0,0,0,0,0,0,0,0,0,1,0,0,1,1,0,1,0,0,0,0,0,0,0,0,0,0,0,1,1,1,0,0,0,hEyR2FDp-00,Bob Ross - Splendor of Autumn (Season 28 Episode 10),128752.0,1903.0,0.0,40.0,198.0,28.0,10.0
splendor of winter,S15E01,0,0,0,0,1,0,1,0,1,1,0,1,0,0,0,0,0,0,0,0,0,0,0,0,0,0,1,0,0,1,1,1,0,0,1,oJvk7gPDHiE,Bob Ross - Splendor of Winter (Season 15 Episode 1),99000.0,1053.0,0.0,21.0,192.0,15.0,1.0
steep mountains,S12E06,0,0,0,0,1,1,1,0,1,1,0,1,0,0,0,1,0,1,1,1,0,0,0,0,0,0,0,0,1,0,1,1,0,0,0,fRK8_ioYWw4,Bob Ross - Steep Mountains (Season 12 Episode 6),65462.0,890.0,0.0,8.0,123.0,12.0,6.0
storm on the horizon,S29E09,0,0,1,0,0,0,0,0,1,0,0,0,0,0,0,1,0,0,0,0,0,1,1,0,0,1,0,0,0,0,0,0,0,1,0,pA_2paUhBAQ,Bob Ross - Storm on the Horizon (Season 29 Episode 9),160218.0,2077.0,0.0,30.0,233.0,29.0,9.0
summer in the mountain,S25E05,0,0,0,0,1,0,0,0,1,1,0,0,0,0,0,0,0,1,1,1,0,0,0,0,0,0,0,1,0,0,1,1,0,0,0,gmCXgS38NDc,Bob Ross - Summer in the Mountain (Season 25 Episode 5),153619.0,1582.0,0.0,32.0,404.0,25.0,5.0
sunlight in the shadows,S27E10,0,0,0,0,1,0,0,0,0,0,0,1,0,0,0,1,0,0,0,0,0,0,0,0,1,0,0,0,0,1,1,1,0,0,0,xgjQ0v2d9mE,Bob Ross - Sunlight in the Shadows (Season 27 Episode 10),98517.0,1198.0,0.0,31.0,190.0,27.0,10.0
sunset aglow,S26E12,0,0,0,0,0,0,0,0,1,1,0,0,0,0,0,0,0,1,1,0,0,0,0,0,0,0,0,0,0,0,1,1,0,0,0,gMEZp47VKC0,Bob Ross - Sunset Aglow (Season 26 Episode 12),558438.0,9289.0,0.0,144.0,653.0,26.0,12.0
surf's up,S09E02,0,0,1,0,0,0,0,1,1,0,1,0,0,0,0,0,0,0,0,0,0,1,0,0,0,1,0,0,0,0,0,0,0,1,0,ZKxFvyyOBPQ,Bob Ross - Surf's Up (Season 9 Episode 2),173609.0,1970.0,0.0,30.0,160.0,9.0,2.0
surprising falls,S14E10,0,0,0,0,0,0,1,0,1,0,0,1,0,0,0,0,0,1,1,1,0,0,0,0,0,0,0,1,0,0,1,0,1,0,0,QbclL1ca7_s,Bob Ross - Surprising Falls (Season 14 Episode 10),114014.0,1205.0,0.0,32.0,248.0,14.0,10.0
teton winter,S24E03,0,0,0,0,0,1,0,0,0,0,0,1,0,0,0,0,0,0,1,0,0,0,0,0,0,0,1,1,1,0,1,1,0,0,1,I4h6TC4CPJY,Bob Ross - Teton Winter (Season 24 Episode 3),337843.0,3228.0,0.0,79.0,413.0,24.0,3.0
that time of year,S16E10,0,0,0,0,0,0,0,0,1,0,0,1,0,0,0,0,1,1,0,0,0,0,0,0,0,0,0,0,0,0,1,1,0,0,0,q5moLoqOkP0,Bob Ross - That Time of Year (Season 16 Episode 10),92099.0,1050.0,0.0,31.0,227.0,16.0,10.0
the footbridge,S24E12,0,0,0,1,0,0,0,0,0,1,0,1,0,0,0,1,0,0,0,0,0,0,0,0,1,1,0,0,1,0,1,1,0,0,0,RqtDliGeyTg,Bob Ross - The Footbridge (Season 24 Episode 12),395348.0,4307.0,0.0,99.0,426.0,24.0,12.0
the old home place,S17E02,0,0,0,0,0,1,0,0,0,0,0,1,1,0,0,1,0,0,0,0,0,0,0,1,0,0,0,0,1,0,1,0,0,0,0,EVQcDEiJh2o,Bob Ross - The Old Home Place (Season 17 Episode 2),304361.0,3509.0,0.0,67.0,533.0,17.0,2.0
the old mill,S03E09,0,0,0,0,1,1,0,0,1,0,1,1,0,0,0,0,0,0,0,0,0,0,0,0,1,0,0,0,1,0,1,1,0,0,0,OFKFUJ9eDNs,Bob Ross - The Old Mill (Season 3 Episode 9),698493.0,3701.0,0.0,147.0,360.0,3.0,9.0
the old weathered barn,S28E07,0,1,0,0,0,0,0,0,0,0,0,1,0,0,0,1,0,0,0,0,0,0,0,1,0,0,0,0,0,0,1,1,0,0,0,NYUIIBFj0iQ,Bob Ross - The Old Weathered Barn (Season 28 Episode 7),200446.0,2141.0,0.0,31.0,216.0,28.0,7.0
the property line,S25E13,0,0,0,0,1,0,0,0,0,0,0,1,1,0,0,0,0,0,0,0,0,0,0,0,0,0,1,0,0,0,1,0,0,0,1,ivesI3rU7dU,Bob Ross - The Property Line (Season 25 Episode 13),59176.0,825.0,0.0,17.0,117.0,25.0,13.0
the windmill,S05E10,0,1,0,0,0,0,0,0,1,0,0,1,0,0,0,0,0,0,0,0,0,0,0,1,0,0,0,0,1,0,1,0,0,0,0,xj8xsTSkbUk,Bob Ross - The Windmill (Season 5 Episode 10),151434.0,1264.0,0.0,34.0,125.0,5.0,10.0
through the window,S30E07,0,0,0,0,0,0,0,0,0,1,0,1,0,0,0,0,0,0,0,0,0,0,0,0,0,0,1,0,0,0,1,1,0,0,1,SrN4A9rVXj0,Bob Ross - Through the Window (Season 30 Episode 7),97897.0,1784.0,0.0,17.0,217.0,30.0,7.0
towering glacier,S11E05,0,0,0,0,0,0,0,0,1,1,1,0,0,0,0,1,0,0,1,0,0,0,0,0,1,1,0,1,0,0,1,1,1,0,0,67vdGbA3Xkg,Bob Ross - Towering Glacier (Season 11 Episode 5),105229.0,1141.0,0.0,17.0,208.0,11.0,5.0
towering peaks,S10E01,0,0,0,0,1,0,0,0,1,1,1,1,0,0,0,0,1,1,1,0,0,0,0,0,0,0,0,1,0,0,1,1,0,0,0,1s58rW0_LN4,Bob Ross - Towering Peaks (Season 10 Episode 1),664120.0,7824.0,0.0,157.0,775.0,10.0,1.0
trail's end,S31E08,0,0,0,0,0,0,0,0,1,0,0,1,0,0,0,0,0,0,0,0,0,0,0,1,0,0,0,0,0,0,1,1,0,0,0,XWQrP-WiLgc,Bob Ross - Trail's End (Season 31 Episode 8),129617.0,2059.0,0.0,31.0,277.0,31.0,8.0
tranquil dawn,S21E02,0,0,0,0,0,0,0,0,0,1,0,1,0,0,1,0,0,0,0,0,0,0,0,0,1,0,0,0,0,1,1,1,0,0,0,4abDq6Q-mlM,Bob Ross - Tranquil Dawn (Season 21 Episode 2),100282.0,978.0,0.0,19.0,132.0,21.0,2.0
tranquil seas,S28E11,0,0,1,0,0,0,0,0,1,0,1,0,0,0,0,0,0,0,0,0,0,1,0,0,0,0,0,0,0,1,0,0,0,1,0,kN1DP_yqs-A,Bob Ross - Tranquil Seas (Season 28 Episode 11),93871.0,1204.0,0.0,15.0,155.0,28.0,11.0
tranquil valley,S04E02,0,0,0,0,1,0,0,0,1,0,1,1,0,0,0,1,0,1,1,1,0,0,0,0,0,0,0,0,0,0,1,1,0,0,0,PbchoOWWCZs,Bob Ross - Tranquil Valley (Season 4 Episode 2),145268.0,1613.0,0.0,21.0,145.0,4.0,2.0
tranquil wooded stream,S26E09,0,0,0,0,0,0,0,0,0,0,0,1,0,0,0,0,0,0,0,0,0,0,0,0,1,1,0,0,0,0,1,1,0,0,0,lSeRrm5ZK9c,Bob Ross - Tranquil Wooded Stream (Season 26 Episode 9),351681.0,3143.0,0.0,77.0,297.0,26.0,9.0
tranquility cove,S31E04,0,0,0,0,0,0,0,0,0,0,0,1,0,0,0,1,0,1,0,0,0,0,0,0,0,1,0,0,0,0,1,1,0,0,0,7t6ue0pEcNE,Bob Ross - Tranquility Cove (Season 31 Episode 4),177317.0,2200.0,0.0,43.0,279.0,31.0,4.0
trapper's cabin,S29E08,0,0,0,0,1,1,0,0,0,1,0,1,0,0,0,0,0,1,1,1,0,0,0,0,0,0,0,0,1,0,1,1,0,0,0,chhCkmp0RG8,Bob Ross - Trapper's Cabin (Season 29 Episode 8),125784.0,1829.0,0.0,29.0,248.0,29.0,8.0
triple view,S10E11,0,0,0,0,0,1,0,0,0,1,0,1,0,0,0,1,0,0,1,1,0,0,0,1,0,0,0,1,1,0,1,1,0,0,0,zoTeyliLn5o,Bob Ross - Triple View (Season 10 Episode 11),548065.0,4868.0,0.0,104.0,583.0,10.0,11.0
tropical seascape,S12E09,0,0,1,0,0,0,1,0,1,0,0,0,0,0,0,0,0,0,0,0,0,1,1,0,0,0,0,0,0,0,0,0,0,1,0,RrBsbqO9aqI,Bob Ross - Tropical Seascape (Season 12 Episode 9),532333.0,3238.0,0.0,87.0,342.0,12.0,9.0
twilight beauty,S27E01,0,0,0,0,0,0,0,0,0,1,0,1,0,0,1,0,0,1,0,0,0,0,0,0,0,0,0,0,0,1,1,1,0,0,0,0mJqzzeWyXs,Bob Ross - Twilight Beauty (Season 27 Episode 1),241168.0,3025.0,0.0,91.0,424.0,27.0,1.0
twilight meadow,S05E02,0,0,0,0,0,0,0,0,1,0,1,1,0,0,0,1,0,1,0,0,0,0,0,0,0,0,0,0,0,0,1,1,0,0,0,6evqNlOO7Bw,Bob Ross - Twilight Meadow (Season 5 Episode 2),381970.0,2568.0,0.0,85.0,226.0,5.0,2.0
two seasons,S16E01,0,0,0,0,0,0,0,0,1,1,1,1,0,0,1,0,0,1,1,0,0,0,0,0,0,0,0,1,0,0,1,1,0,0,0,jwVz0uTLH1I,Bob Ross - Two Seasons (Season 16 Episode 1),186430.0,1929.0,0.0,38.0,362.0,16.0,1.0
under pastel skies,S28E03,0,0,0,0,0,0,0,0,1,1,0,0,0,0,0,0,0,0,1,0,0,0,0,0,0,0,0,1,0,0,1,1,0,0,0,lzODyJS2ZIg,Bob Ross - Under Pastel Skies (Season 28 Episode 3),437237.0,12541.0,0.0,104.0,1271.0,28.0,3.0
valley of tranquility,S19E13,0,0,0,0,1,0,0,0,1,1,1,0,0,0,0,1,0,0,1,1,0,0,0,0,1,0,0,1,0,0,1,1,1,0,0,FnY7jDY5PsE,Bob Ross - Valley of Tranquility (Season 19 Episode 13),65910.0,1079.0,0.0,13.0,221.0,19.0,13.0
valley view,S21E01,0,0,0,0,0,0,0,0,0,1,0,0,0,0,0,0,0,1,1,1,0,0,0,0,0,0,0,1,0,0,1,1,0,0,0,pw5ETGiiBRg,Bob Ross - Valley View (Season 21 Episode 1),2368289.0,18696.0,0.0,391.0,2964.0,21.0,1.0
valley waterfall,S23E08,0,0,0,0,0,0,0,0,0,1,0,0,0,0,0,1,0,0,1,0,0,0,0,0,1,1,0,1,0,0,1,0,1,0,0,VYcsYzzRae4,Bob Ross - Valley Waterfall (Season 23 Episode 8),311333.0,2870.0,0.0,83.0,305.0,23.0,8.0
view from clear creek,S31E06,0,0,0,0,1,0,0,0,0,1,0,0,0,0,0,1,0,0,1,1,0,0,0,0,1,0,0,0,0,0,1,1,0,0,0,TLX1bmS8wBE,Bob Ross - View from Clear Creek (Season 31 Episode 6),178794.0,2821.0,0.0,40.0,341.0,31.0,6.0
warm summer day,S04E06,0,0,0,0,1,0,0,0,0,0,0,1,0,0,0,0,0,1,0,0,0,0,0,0,0,0,0,0,0,0,1,1,0,0,0,GBN9AIw3Ao4,Bob Ross - Warm Summer Day (Season 4 Episode 6),88568.0,1123.0,0.0,13.0,100.0,4.0,6.0
warm winter day,S08E03,0,0,0,0,0,1,0,0,0,0,0,1,0,0,0,1,0,0,0,0,0,0,0,0,0,0,1,0,1,1,1,1,0,0,1,mUJoNLWQ1yI,Bob Ross - Warm Winter Day (Season 8 Episode 3),145343.0,1534.0,0.0,22.0,225.0,8.0,3.0
waterfall in the woods,S19E06,0,0,0,0,0,0,0,0,0,0,0,1,0,0,0,1,0,0,0,0,0,0,0,0,1,1,0,0,0,0,1,1,1,0,0,uBRKVa7sy1Q,Bob Ross - Waterfall in the Woods (Season 19 Episode 6),125423.0,1621.0,0.0,28.0,205.0,19.0,6.0
waterfall wonder,S16E11,0,0,0,0,1,0,0,0,0,0,0,1,0,0,0,0,0,0,0,0,0,0,0,0,1,1,0,0,0,0,1,1,1,0,0,AGhXEPfp-W4,Bob Ross - Waterfall Wonder (Season 16 Episode 11),375431.0,3417.0,0.0,67.0,480.0,16.0,11.0
waves of wonder,S15E06,0,0,1,0,0,0,0,0,1,0,1,0,0,0,0,0,0,0,0,0,0,1,0,0,0,1,0,0,0,0,0,0,0,1,0,tayQX_ng-Nc,Bob Ross - Waves of Wonder (Season 15 Episode 6),369689.0,3728.0,0.0,131.0,232.0,15.0,6.0
wayside pond,S24E02,0,0,0,0,0,0,0,0,0,0,0,1,0,0,0,0,0,1,0,0,0,0,0,0,0,0,0,0,0,0,1,1,0,0,0,FPW2FwK4IOo,Bob Ross - Wayside Pond (Season 24 Episode 2),103593.0,1127.0,0.0,21.0,225.0,24.0,2.0
whispering stream,S06E04,0,0,0,0,0,0,0,0,0,0,0,1,0,0,0,1,0,0,0,0,0,0,0,0,1,1,0,0,0,0,1,1,0,0,0,QglIjlqsUdU,Bob Ross - Whispering Stream (Season 6 Episode 4),113800.0,1052.0,0.0,15.0,106.0,6.0,4.0
wilderness day,S31E13,0,0,0,0,0,0,0,0,0,0,0,1,0,0,0,1,0,0,1,0,0,0,0,0,0,0,0,0,0,0,1,1,0,0,0,nJGCVFn57U8,Bob Ross - Wilderness Day (Season 31 Episode 13),1159171.0,22205.0,0.0,329.0,4949.0,31.0,13.0
wilderness falls,S27E04,0,0,0,0,1,0,0,0,1,1,0,0,0,0,0,1,0,0,1,1,0,0,0,0,1,1,0,0,0,0,1,1,1,0,0,gxd0MPX8c6I,Bob Ross - Wilderness Falls (Season 27 Episode 4),114222.0,1460.0,0.0,25.0,199.0,27.0,4.0
wilderness trail,S30E04,0,0,0,0,1,0,0,0,0,0,0,1,0,0,0,0,0,0,0,0,0,0,0,1,0,0,0,0,0,0,1,1,0,0,0,vGsW_6BCukU,Bob Ross - Wilderness Trail (Season 30 Episode 4),123062.0,1642.0,0.0,24.0,218.0,30.0,4.0
winding stream,S31E03,0,0,0,0,0,0,0,0,1,1,0,0,0,0,0,1,0,0,0,0,0,0,0,0,1,1,0,0,0,0,1,1,0,0,0,QDwd4pMYyuo,Bob Ross - Winding Stream (Season 31 Episode 3),196908.0,2300.0,0.0,32.0,295.0,31.0,3.0
windy waves,S14E07,0,0,1,0,0,0,0,0,1,0,1,0,0,0,0,1,0,0,0,0,0,1,1,0,0,0,0,0,0,0,0,0,0,1,0,y6GVVjG4HMg,Bob Ross - Windy Waves (Season 14 Episode 7),343838.0,3195.0,0.0,75.0,424.0,14.0,7.0
winter at the farm,S27E05,0,0,0,0,0,0,0,0,0,1,0,0,1,0,0,0,0,0,0,0,0,0,0,0,0,0,1,0,1,0,1,1,0,0,1,LeIVNKnWz7o,Bob Ross - Winter at the Farm (Season 27 Episode 5),188822.0,1954.0,0.0,48.0,221.0,27.0,5.0
winter barn,S11E09,0,1,0,0,0,0,1,0,1,0,0,1,0,0,0,0,0,0,0,0,0,0,0,0,0,0,1,0,1,0,1,1,0,0,1,_xkn0ceDreo,Bob Ross - Winter Barn (Season 11 Episode 9),91472.0,874.0,0.0,17.0,136.0,11.0,9.0
winter bliss,S23E13,0,0,0,0,1,0,0,0,0,0,0,1,0,0,0,0,0,1,1,1,0,0,0,0,0,0,1,1,0,0,1,0,0,0,1,yInYwy6AsDQ,Bob Ross - Winter Bliss (Season 23 Episode 13),45856.0,1252.0,0.0,56.0,170.0,23.0,13.0
winter cabin,S07E01,0,0,0,0,0,1,0,0,1,0,0,1,0,0,0,0,0,0,0,0,0,0,0,0,0,0,1,0,1,0,1,0,0,0,1,kdlHV6ceI_g,Bob Ross - Winter Cabin (Season 7 Episode 1),97755.0,1083.0,0.0,16.0,185.0,7.0,1.0
winter evergreens,S09E01,0,0,0,0,0,0,1,0,1,1,0,0,0,0,0,0,0,0,1,1,0,0,0,0,0,0,1,1,0,1,1,1,0,0,1,O6L5YPt9CeU,Bob Ross - Winter Evergreens (Season 9 Episode 1),510714.0,4444.0,0.0,94.0,486.0,9.0,1.0
winter frost,S10E12,0,0,0,0,0,0,0,0,1,1,0,1,0,0,0,0,0,0,1,1,0,0,0,0,0,0,1,1,0,1,1,1,0,0,1,8satX-hLkuI,Bob Ross - Winter Frost (Season 10 Episode 12),105273.0,1377.0,0.0,20.0,186.0,10.0,12.0
winter glow,S01E11,0,0,0,0,0,0,0,0,0,0,0,1,0,0,0,0,0,1,0,0,0,0,0,0,0,0,0,0,0,0,1,1,0,0,0,Q03YvknOVe0,Bob Ross - Winter Glow (Season 1 Episode 11),135171.0,1241.0,0.0,24.0,161.0,1.0,11.0
winter mist,S01E04,0,0,0,0,1,0,0,0,1,1,0,0,0,0,0,0,0,1,1,0,0,0,0,0,0,0,0,1,0,0,1,1,0,0,0,0pwoixRikn4,Bob Ross - Winter Mist (Season 1 Episode 4),310564.0,3708.0,0.0,30.0,396.0,1.0,4.0
winter moon,S01E06,0,0,0,0,0,1,0,0,0,1,0,0,0,0,0,0,0,1,1,1,1,0,0,0,0,0,1,1,1,0,1,1,0,0,1,loAzRUzx1wI,Bob Ross - Winter Moon (Season 1 Episode 6),352450.0,3154.0,0.0,38.0,292.0,1.0,6.0
winter mountain,S12E13,0,0,0,0,0,0,0,0,0,1,0,0,0,0,0,0,0,0,1,1,0,0,0,0,1,0,1,1,0,0,1,1,0,0,1,46vI20697HI,Bob Ross - Winter Mountain (Season 12 Episode 13),43654.0,700.0,0.0,11.0,131.0,12.0,13.0
winter night,S03E04,0,0,0,0,0,1,0,0,0,1,0,0,0,0,0,0,0,0,0,0,0,0,0,0,0,0,1,0,1,0,1,1,0,0,1,8ysFkNYwhAE,Bob Ross - Winter Night (Season 3 Episode 4),1182570.0,7539.0,0.0,255.0,670.0,3.0,4.0
winter oval,S09E05,0,0,0,0,1,1,0,0,0,1,0,0,0,0,1,0,0,0,1,0,0,0,0,0,1,0,0,1,1,0,1,1,0,0,0,pYWiLm_-sXw,Bob Ross - Winter Oval (Season 9 Episode 5),172627.0,1437.0,0.0,21.0,165.0,9.0,5.0
winter solitude,S10E07,0,0,0,0,1,0,0,0,0,0,0,1,0,0,0,0,0,0,0,0,0,0,0,0,0,0,1,0,0,0,1,1,0,0,1,ov4YaCQB9co,Bob Ross - Winter Solitude (Season 10 Episode 7),102964.0,927.0,0.0,11.0,131.0,10.0,7.0
winter stillness,S05E04,0,0,0,0,0,0,0,0,0,1,0,1,0,0,0,0,0,1,0,0,0,0,0,0,0,0,1,0,0,0,1,1,0,0,1,qg9c1SqdRko,Bob Ross - Winter Stillness (Season 5 Episode 4),67640.0,925.0,0.0,8.0,120.0,5.0,4.0
winter sun,S02E02,0,0,0,0,0,0,0,0,0,1,0,0,0,0,0,0,0,1,0,0,0,0,0,0,0,0,1,0,0,1,1,1,0,0,0,VPfYRj4DDco,Bob Ross - Winter Sun (Season 2 Episode 2),140249.0,1740.0,0.0,17.0,147.0,2.0,2.0
winter's grace,S28E09,0,0,0,0,0,0,0,0,0,1,0,0,0,0,1,0,0,0,1,1,0,0,0,0,0,0,1,0,0,0,1,1,0,0,1,mxJ2On9wyvY,Bob Ross - Winter's Grace (Season 28 Episode 9),100770.0,1300.0,0.0,15.0,186.0,28.0,9.0
winter's peace,S30E03,0,0,0,0,0,1,0,0,1,1,0,0,0,0,0,0,0,1,0,0,0,0,0,0,0,0,0,0,1,0,1,1,0,0,0,Xzv3iiWi1Wo,Bob Ross - Winter's Peace (Season 30 Episode 3),113241.0,1549.0,0.0,26.0,202.0,30.0,3.0
wintertime blues,S22E10,0,0,0,0,0,0,0,0,1,1,1,0,0,0,0,0,0,0,1,1,0,0,0,0,0,0,1,0,0,0,1,1,0,0,1,dbMJVM4iL2Q,Bob Ross - Wintertime Blues (Season 22 Episode 10),73750.0,1037.0,0.0,11.0,150.0,22.0,10.0
wintertime discovery,S16E03,0,0,0,0,0,1,0,0,1,1,0,1,0,0,0,0,0,0,0,0,0,0,0,0,0,0,1,0,1,0,1,1,0,0,1,uZyZW3tkCE0,Bob Ross - Wintertime Discovery (Season 16 Episode 3),83383.0,861.0,0.0,17.0,187.0,16.0,3.0
woodgrain view,S30E02,0,0,0,0,0,0,0,0,0,0,0,1,0,0,0,1,0,1,1,0,0,0,0,0,0,0,0,1,0,0,1,0,0,0,0,fcx1yUuSf3o,Bob Ross - Woodgrain View (Season 30 Episode 2),85147.0,1066.0,0.0,12.0,139.0,30.0,2.0
